:10400000007F0020657600000D75000061760000DD
:104010006176000061760000617600006176000044
:1040200000000000000000000000000061760000B9
:1040300061760000000000006176000061760000FB
:104040000000000000000000000000000000000070
:104050000000000000000000000000000000000060
:104060000000000000000000000000000000000050
:104070000000000000000000000000000000000040
:104080000000000000000000000000000000000030
:104090000000000000000000000000000000000020
:1040A0000000000000000000000000000000000010
:1040B0000000000000000000000000000000000000
:1040C00010B5054C237833B9044B13B10448AFF352
:1040D00000800123237010BDE800002000000000D4
:1040E0003CD8000008B5034B1BB103490348AFF3AC
:1040F000008008BD00000000EC0000203CD800005B
:1041000008B50D2005F048FAB0FA80F149090D20F4
:1041100005F036FA0D2005F03FFA074B0749002855
:1041200008BF1946064805F075F940F2DC50BDE8B5
:10413000084005F0B9BA00BFDAD40000D0D40000BE
:10414000B80D002008B501210D2005F001FA4FF44B
:10415000E1310248BDE8084007F095BEB80D0020E7
:1041600008B505F089FA002008BD1B207047FFFF45
:10417000034AB2F8CC3043F08003A2F8CC30704749
:104180000000094037B501210D2005F0E1F90021BB
:104190000D2005F0F5F968460722032108F0A8F97B
:1041A000BDF800301C4CC3F3841301256846072278
:1041B0000521E55408F09CF9BDF80030C3F38413E1
:1041C000684607220621E55408F092F9BDF8003050
:1041D000C3F38413684607220921E55408F088F9DF
:1041E000BDF80030C3F38413684607220A21E55462
:1041F00008F07EF9BDF80030C3F3841307220B21C9
:104200006846E55408F074F9BDF80030C3F3841330
:10421000E55403B030BD00BFE20100200B7930B49B
:10422000DB01114C114DDBB2A3714B788A781B0175
:10423000120302F44052DBB213430A788446A85CAE
:10424000CA78120202F4407200F0030013430343E1
:1042500063804B79064ADB01DBB22372002030BC5D
:10426000CCF80020704700BF0042044064D6000034
:1042700054445700024B0020FF2218701A707047F8
:104280000042044030B5836A85B004468C4601ADD7
:10429000ABB193E8070085E807006268117883F8FE
:1042A00004C0E26A9A6019601846626A9047A36A7D
:1042B0001BB195E8070083E8070005B030BD2B4629
:1042C000EBE700BF10B4EFF30383103B5BB203F1E5
:1042D000C001204A204C52F821006FF3104042F8F0
:1042E000210054F82330D3E906218A421BD01869F3
:1042F00040B393F820400F2C0BD99968496840F8D7
:104300002210D96901328A429A610CD05DF8044BBF
:104310007047072C19D8996809798154D9690132F5
:104320008A429A61F2D15B680C4993F903305DF8D7
:10433000044B5809012203F01F0302FA03F341F86A
:104340002030704798684068DCE79C68A48820F8B3
:104350001240D7E7006000405001002000E100E07B
:10436000F0B5EFF30383103B5BB203F1C0022F49BA
:104370002F4C51F822006FF3104041F8220054F8FE
:1043800023305868026A002A30D092F801C0DC69F4
:104390005A69BCF1010F17D094420FD0D96841B3CC
:1043A00093F820000F280AD80728986895BF895CE1
:1043B00031F812100171818001325A61F0BD9868A4
:1043C00051F822104160F7E704F1FF3E724513D027
:1043D00001690029E0D090F9031016484D0901F059
:1043E0001F010CFA01F140F82510D5E75A69DC6984
:1043F000D2E798684160DFE790F903E00EF1C0066C
:104400004FEA5E10800051F8267000F1604000F520
:1044100061400EF01F0E0CFA0EF56FF3104741F8D5
:104420002670C0F880510560B6E700BF006000400C
:104430005001002000E100E010B4EFF30383103BD3
:104440005BB2324A324C03F1C00152F821006FF3E3
:10445000104042F8210054F823008268D278920775
:1044600006D54268527A012A02D05DF8044B7047A3
:104470005909284C0122203103F01F0302FA03F3EB
:1044800044F82130BFF34F8FBFF36F8F436893F928
:104490000230002B2FDB5909203103F01F0302FAF1
:1044A00003F344F82130BFF34F8FBFF36F8FD0E990
:1044B0000114237891F902106FF3861300292370F9
:1044C00014DB01F1C00C114C4B099B0001F01F01E2
:1044D0008A4003F1604354F82C1003F561436FF3F5
:1044E000104144F82C10C3F880211A605DF8044B89
:1044F0000121FFF7C7BE82685DF8044B13786FF3A4
:10450000861313700121FFF7BDBE00BF006000409D
:104510005001002000E100E070B5EFF30384103C8F
:10452000314B64B253F82460736893F90230002B66
:1045300042DB5A092D492032012003F01F0300FA03
:1045400003F341F82230BFF34F8FBFF36F8FD6E9EB
:10455000012392F902101A7800296FF386121A705B
:1045600015DB01F1C00C224D4A09920001F01F0138
:1045700000FA01F102F1604255F82C0002F56142A7
:104580006FF3104045F82C00C2F880111160DA7802
:104590000021D5B21207D97021D4EB0712D405F04F
:1045A0001405142D16D0124BC03453F824206FF389
:1045B000104243F8242070BDB3681A786FF3861256
:1045C0001A70E4E70421304605F01405FFF75AFE9F
:1045D000142DE8D108213046FFF754FEE3E705210A
:1045E0003046FFF74FFED8E75001002000E100E021
:1045F00000600040036A70B50446987800F07B00C4
:1046000098700D46217841B32261E269E560106936
:10461000002841D0226982B1A378816800688E6841
:10462000E16803F00303013B22FA03F30022226155
:104630009BB2B04780B9236A21789A7842F0800211
:104640009A7039BB94F802C00CF0030CBCF1020F55
:104650001AD02A78DA70002070BD94F802C0E069A0
:104660000CF0030E0069A2EB0E02226105EB0E02B4
:10467000E2600028CED19A780CF0030C42F0800260
:10468000BCF1020F9A70E4D12A8842F47E420020E5
:10469000DA8170BD002070BD9A7842F080029A7075
:1046A00070BD00BF036A91F801C09A7800B502F0AE
:1046B0007B0E02F00B029A700022C260887858705C
:1046C00010461A786CF301021A70CA789A7493F83B
:1046D00007C00A780CF0A30102F05C020A43DA7109
:1046E00083F802E05DF804FB10B5D0E90721002350
:1046F00043608B7092F905202F490446500901232D
:10470000203002F01F0203FA02F241F82020BFF32A
:104710004F8FBFF36F8FE26992F90B205009203061
:1047200002F01F0203FA02F241F82020BFF34F8F7C
:10473000BFF36F8FE26992F907205009203002F031
:104740001F0203FA02F241F82020BFF34F8FBFF39C
:104750006F8FE26992F90920500902F01F0293401D
:1047600000F1200241F82230BFF34F8FBFF36F8F6B
:10477000E369DA6822B1936810681B6A9847E369B5
:104780001B691BB19A681868136A9847EFF3108188
:10479000012383F31088E369084A1C78D2F80001EA
:1047A0004FF00043E3400343C2F80031D2F8003138
:1047B00081F31088002010BD00E100E0006F04408C
:1047C000F0B5846A85B005460F4694466E46B4B18E
:1047D00094E80F0086E80F00EB691B7884F804C0AA
:1047E0002360EB6A2046C4E902736B6A9847AC6A9F
:1047F0001CB196E80F0084E80F0005B0F0BD344608
:10480000EAE700BF8C46516830B4029C0D6880B95D
:104810001C609CF8010038B9E8784FF0010C0B34AB
:104820006CF30510E8701C60936810681B6830BC5E
:10483000184704F10C001860EBE700BF2DE9F047C2
:104840000D4609780323CB4013F0010301F10072F8
:1048500018BF1023037002F56052837852010121C2
:1048600061F301030262A9696A6942620022C0E938
:104870000A21C56183706B7882B0044623B98378BE
:10488000022262F30103837095F90B00594B95F8EE
:104890000AC04209203200F01F06012101FA06F683
:1048A00043F82260BFF34F8FBFF36F8F524A534ECE
:1048B00000F1C0074FEA0C1C52F827E06FF3104ECE
:1048C00042F827E01F185FFA8CFC87F800C346F80F
:1048D000204095F9050095F804C04709203700F0FD
:1048E0001F0E01FA0EFE43F827E0BFF34F8FBFF310
:1048F0006F8F00F1C00703EB000852F827E04FEA82
:104900000C1C5FFA8CFC6FF3104E42F827E088F81D
:1049100000C346F8204095F9070095F806C04709FE
:10492000203700F01F0E01FA0EFE43F827E0BFF318
:104930004F8FBFF36F8F00F1C00703EB000852F8F1
:1049400027E04FEA0C1C5FFA8CFC6FF3104E42F824
:1049500027E088F800C346F8204095F9090095F84B
:1049600008C04709203700F01F0E01FA0EF143F886
:104970002710BFF34F8FBFF36F8F00F1C0074FEACF
:104980000C1152F827C003446FF3104C42F827C0B3
:10499000C9B283F80013EA6846F8204072B1536840
:1049A0001B684FF4002143F8041B216A0531009174
:1049B000E1692078FFF726FF0646B0B92A69FAB107
:1049C00053681B684FF0006143F8081B216A0331EC
:1049D0000091E1692078FFF715FF064680B1EB688A
:1049E0001BB19A681868136A9847304602B0BDE850
:1049F000F08700BF00E100E00060004050010020AF
:104A0000EFF31080012383F31088984B2E78D3F8AE
:104A100000214FF00041F14022EA0102C3F80021D9
:104A2000D3F8003180F31088236AE06900229A707D
:104A30001A715A729A72DA725A83297840F20722EE
:104A4000CA40D20744BF4022DA7406221A7722787D
:104A50007AB1C168013A002900F0FE8001261203F4
:104A600091B2314341F006029A829A8A92B29142FF
:104A7000FBD1EA78A978D20042EA011269780329C9
:104A800000F0D780002914BFF221E221ED69D2B2F3
:104A90001A7099712A7B520002F002025A736A78E6
:104AA000A97800261E7295F800C0D201490101F0D4
:104AB0002001D2B20A43ACF10201012940F2BD80CB
:104AC000D2B2DA716A68917859701978567866F3BB
:104AD00001011970D17899741278D97902F05C02C9
:104AE00001F0A3010A43DA710027C4E90377C4E99E
:104AF000057790F905105E4E01F1C00E4A0956F88F
:104B00002E80920067F3104802F1604246F82E8032
:104B100002F561424FF0010E01F01F010EFA01F1A2
:104B2000C2F88011116090F90B1001F1C0094A0917
:104B300056F829A0920002F1604202F5614267F343
:104B4000104A01F01F0146F829A00EFA01F1C2F83F
:104B50008011116090F9071001F1C0094A0956F857
:104B600029A0920002F1604202F5614201F01F01AA
:104B700067F3104A46F829A00EFA01F1C2F8801135
:104B8000116090F9091001F1C0004A0956F820900F
:104B9000920002F1604267F3104946F8209002F556
:104BA00061420CF0030C01F01F010EFA01F14CF010
:104BB000700CC2F88011116083F802C06B892381E8
:104BC0004FF6FF7843452DD0EFF310818EF3108818
:104BD000284A13681BB92848C3704023C370136860
:104BE0000133136081F31088218924480B0A1B01CB
:104BF00053FA81F150F8213023F0011323F440439C
:104C000043F0040340F82130EFF31081012383F3D4
:104C10001088136813B11368013B13601368B3B1B4
:104C200081F31088164B63600026304602B0BDE861
:104C3000F08742F04002F22128E7BCF1020F08BFE2
:104C400042F01002FF21D2B25970DA714CE70A4AE1
:104C50008020D370D070E3E7C169097A114009025E
:104C600001F4706141F00106F9E600BF006F0440F5
:104C7000006000404C010020000D0440000804408A
:104C8000554943532DE9F04F1E46FF23B370337847
:104C90006FF382038BB033708023F370554B09920E
:104CA000554A1B6A12680191C3F302618A40C3F33B
:104CB0000233DA40514B07900021100A0692089106
:104CC000059002910093A2FB03BA099B009A9342BC
:104CD0006EDA9DF8203003930027494B039ADD5D7F
:104CE000C5F34003C5F3800504932B43934256D18B
:104CF000444B33F81780079B03FB08F8069BB3FB74
:104D0000F8F2541EFF2C4AD802FB08F91DE0059B5F
:104D1000B9FBF3F37F2B03FB00F040D90028B8BFA9
:104D2000FF300012A0F5C330A0380028009AB8BFA9
:104D30004042824240DC029BF370337843F004032C
:104D4000A9EB0809337054B3013C4A464FEAE973B2
:104D50005846514608F086F8019A002AD7D1A0F5A6
:104D6000C333A03B002B009AB8BF5B429A4216DDCA
:104D70000093234BB470DA5D3378C2F3000161F322
:104D80008613049961F3041365F3C30333707378D6
:104D9000C2F3C10262F301037370019B02930137F6
:104DA0000D2F9AD1089BF3B1009B099A93421DDC09
:104DB00000200BB0BDE8F08F0293114B049AD95D2F
:104DC00033780090C1F3000060F3861362F304139C
:104DD00065F3C30333707378B470C1F3C10161F339
:104DE00001037370A7E7012308936EE703200BB05C
:104DF000BDE8F08F00E00140DC010020A08601004A
:104E00006CD600007CD60000F0B5EFF30383103BB6
:104E10005BB203F1C001344A344C52F821006FF305
:104E2000104042F8210054F82300C3691B6913B1F4
:104E3000036913B1F0BD036983B9D0E908249378FD
:104E400003F07F03002143F004039370C160002C42
:104E5000F0D0BDE8F0408022FFF7B2BC05785DB32A
:104E6000066AF18AC1F30421A9421ED28478C2687D
:104E70001F4F04F0030E74460BE092F800C086F852
:104E80000FC001311B1B2244A942C0E903230CD2ED
:104E90005BB1BEF1020FF0D1B2F800C04CEA070CD2
:104EA0001FFA8CFCA6F80EC0EBE732796FF3C7123D
:104EB0003271002BBED1C0E7827802F003010229D3
:104EC000C1680BD0046A0D78E57002F003029B1AEA
:104ED0000A44C0E90323002BACD1AEE70C88056A75
:104EE00044F47E44EC81F0E7006000405001002073
:104EF00000FEFFFF10B582B0EFF30383103B5BB2FF
:104F000003F1C001574A584C52F821006FF310408A
:104F100042F8210054F82340E369DB6813B1A36928
:104F2000002B49D122894FF6FF739A4275D122781E
:104F3000236AF2B1D98AC80612D01B8AC3F30803C8
:104F40000193A369FBB9636A2BB10422019920463E
:104F5000FFF736FC22782AB1236AD98AC906E8D13C
:104F6000BE221A7123894FF6FF72934231D102B0EB
:104F700010BDA17801F003010229DED05B79019315
:104F8000A369002BDFD0A278606902F0030201A9B7
:104F900008F03EF9D4E90521A37803F003031A448D
:104FA000C91AC4E9052129B9636A1BB10122204647
:104FB000FFF706FC2278CEE7636A0021C4E90511F9
:104FC000002BD4D00122204602B0BDE81040FFF7EC
:104FD000F7BB1A0A1201254952FA83F351F823202C
:104FE00022F0011222F4404242F0040241F8232050
:104FF000EFF31082012383F310881D4B196811B160
:105000001968013919601B681BB91A498020CB70D7
:10501000C87082F3108802B010BDEFF31081012335
:1050200083F31088124B1A681AB91248C2704022D2
:10503000C2701A6801321A6081F3108822890B4904
:10504000130A1B0153FA82F251F8223023F00113A4
:1050500023F4404343F0050341F82230236A2278C9
:1050600067E700BF006000405001002000080440D6
:105070004C010020000D044010B5EFF30384103CF8
:105080000B4B64B253F82400D0E90821937803F065
:105090007B03937019B102220021FFF791FB054BAE
:1050A000C03453F824206FF3104243F8242010BD7D
:1050B000500100200060004010B5EFF30384103C65
:1050C000194B64B253F82400037843B9837803F092
:1050D0000303022B03D0036A5979C9B203E0036AC0
:1050E000198AC1F3080193F804C01CF0100F0CF0EA
:1050F000380206D093F81CC01CF0010F08BF42F024
:10510000400293F804C00CF0C70C83F804C0436A53
:105110000BB1FFF755FB054BC03453F824206FF358
:10512000104243F8242010BD5001002000600040D0
:1051300030B5436A85B004468C4601ADABB193E807
:10514000070085E807006268117883F804C0A26A46
:105150009A6019601846226A9047636A1BB195E805
:10516000070083E8070005B030BD2B46EBE700BF22
:1051700010B4EFF30383103B5BB203F1C001144A98
:10518000144C52F821006FF3104042F8210054F8FB
:1051900023305A69D9698A4206D2D3E90240A8B1BC
:1051A000805CE07001325A618A4202D05DF8044BA3
:1051B00070471A69002AF9D19A685DF8044B937810
:1051C00003F07B0343F0040393707047E070E9E75A
:1051D000006000405001002010B4EFF30383103B47
:1051E0005BB203F1C001174A174C52F821006FF36C
:1051F000104042F8210054F823305A69D9698A4294
:1052000006D2D3E90240D0B1805CE07001325A612D
:105210009A698A4207D2986819694079541C9C613E
:105220008854D3E90621914206D19A68937803F015
:105230003B0343F0040393705DF8044B7047E07048
:10524000E4E700BF006000405001002010B5EFF31C
:105250000384103C0A4B64B2012153F82400826895
:10526000937803F003039370FFF762FFC034054B9C
:1052700053F824206FF3104243F8242010BD00BFE0
:10528000500100200060004010B5EFF30384103C93
:105290000C4B64B24FF0840C53F8240083689A7866
:1052A00002F003029A701A7983F804C00421FFF710
:1052B0003FFFC034044B53F824206FF3104243F8EF
:1052C000242010BD5001002000600040036859698F
:1052D000A1B190F82D3070B5044603F0FF0563B915
:1052E0008A68038C96680868A1692A46B047E26913
:1052F000C4E90852012384F8333070BD704700BF01
:1053000070B5866B82B004460B466D463EB396E898
:10531000030085E80300E26B3371236832605A6949
:1053200012B194F82D10A1B19B6913B194F82D20FE
:1053300052B9636B30469847A36B1BB195E80300E5
:1053400083E8030002B070BD9A6818681369984733
:10535000EFE7936810681B6998472368E4E72E46D7
:10536000D9E700BFEFF30383103B5BB2044AC033BD
:1053700052F823106FF3104142F82310704700BF1A
:105380000060004070B5EFF30383103B5BB2614AED
:10539000C03352F823106FF3104142F82310EFF39B
:1053A0000383103B5C4A5BB252F823402269137BB3
:1053B000C3F30000DB072CD494F82C3094F82A10A7
:1053C000994216D094F82D1009B1022B41D02046F5
:1053D000FFF77CFF236994F82820DA7094F82B20DB
:1053E00094F82C30013A013384F82B2084F82C30C7
:1053F00070BD94F8333003F0FF053BBB236A93BBC9
:1054000094F82E3063B352210123D17284F83030E6
:1054100070BD94F82D308BB194F8313073B9636A54
:10542000A1695279CA54D4E9082394F82E10013A9C
:105430000133C4E9082379B12269E4E7002001219E
:105440005423206284F82F10D37270BD84F8330087
:1054500070BD5223D37270BD23695422DA7270BDBD
:105460005423D37270BD94F82D1041B9616AA069BC
:10547000013B405C0131C4E90831D07070BD94F843
:10548000311000292ED0216884F831504869002855
:1054900038D08969002935D0E069022832D98E6870
:1054A000831E0868B668F42191709BB2A2692946F0
:1054B000B0472268E3695269916810688E68023BC0
:1054C0009BB22A462946B047E36922690220023B83
:1054D000C4E90803012184F833100023FF209372EC
:1054E000D070CBE7636AA1695279CA54D4E9083213
:1054F000013B0132012BC4E90832226904D0FF20AC
:10550000D070BBE7012BE8D12023FF209372D0702D
:10551000B4E700BF006000405001002010B582B029
:10552000EFF30383103B374A5BB252F82300026962
:10553000D37A6FF3C303D37290F82F30ABBB90F8DC
:105540002A1003F0FF0C90F82C3099421BD1036A0B
:105550005BB990F82D1090F83040002914BF02215B
:105560000321A4B3D372FFF7CBFEEFF30383103B09
:105570005BB2254AC03352F823106FF3104142F852
:10558000231002B010BDB3B9012929D090F829C069
:105590000021D17282F803C090F82B200133013A28
:1055A00080F82B2080F82C30DFE7F023D372012124
:1055B000FFF7A6FED9E790F82D4004F0FF016CB18B
:1055C000022BE5D190F829C04CF0010CE0E7F02364
:1055D000D372937803F0CF039370C4E78C46D7E778
:1055E0000190FFF773FE019890F82A30012B05D146
:1055F00090F828C0026990F82C30C9E7026990F849
:105600002C30C3E75001002000600040F0B583B0AB
:10561000EFF30384103C154B64B253F82450EF6849
:10562000BFB16A682B6992F90D20121B18BF0122C5
:105630006E46C3B193E8030086E803001A706A69F6
:105640005A601846B8472B691BB196E8030083E8F7
:105650000300074BC03453F824206FF3104243F883
:10566000242003B0F0BD3346E8E700BF500100201E
:1056700000600040EFF30383103B5BB20649074A2A
:1056800051F823100120C033087252F823106FF331
:10569000104142F823107047500100200060004084
:1056A0000B0A1B01044853FA81F150F82130C3F36F
:1056B000400300201370704700080440C8B2012363
:1056C00083404AB91A040B0A5B0103F1804303F5D6
:1056D000802300209A6070479AB2F4E738B50488B6
:1056E000002C4DD043680021043303EBC40040F28A
:1056F00002450C4640F2034C40F2044E0FE0624576
:1057000030D153F8042C02F0B852B2F1807F14BFAC
:1057100041F0020144F002040833834211D01A8898
:10572000AA42ECD153F8042C02F0B852B2F1807FB7
:1057300003F1080314BF41F0010144F00104834266
:10574000EDD1C943CDB2012001F042FF0D4B93F8DA
:10575000BB2414432C4083F8BB440120BDE83840EF
:1057600001F006BF7245D7D153F8042C02F0B852AD
:10577000B2F1807F0CBF44F0040441F00401CBE798
:10578000FF25E0E700E0014070B584B002AB0126E0
:1057900068460C461546ADF80C100292ADF8006054
:1057A0000193FFF79BFFEFF3108286F310881D49EA
:1057B0000B681BB91C48C3704023C3700B680133CE
:1057C0000B6082F31088EA034FEA1423E4B219D481
:1057D0001B01164A234442F82350EFF310820123A1
:1057E00083F310880B6813B10B68013B0B600B68E7
:1057F0001BB90D498020CB70C87082F3108800203F
:1058000004B070BD04EB0310084A52F820606FF337
:10581000104642F8206025F4803642F820601B01D3
:10582000D7E700BF4C010020000D044000080440F1
:1058300070B5C36A84B004468C46164601AD9BB170
:1058400093E8070085E8070083F808C0226B184634
:10585000C3E90026A26A9047E36A1BB195E80700F6
:1058600083E8070004B070BD2B46EDE78268012392
:1058700070B580F820300226B323D37180F8216000
:10588000537904466FF300035371C2690D46FFF765
:10589000CFFFA368DE705A7942F001025A7194F882
:1058A0002120012A16D094F8212002B170BD052DC7
:1058B000FCD194F82320002AF8D194F821201AB9B9
:1058C0005A7A02F0F3025A72BF210122D97184F888
:1058D000232070BD042DECD0082DE4D1E9E700BFF2
:1058E00030B583B0EFF30383103B5BB2454AC0335E
:1058F00052F823106FF3104142F82310EFF30383A3
:10590000103B5BB2404A52F8234094F82230B3B9BE
:10591000A368012284F82220DA7CD2B28DF8052017
:105920009DF8052012F0010F5A7A14BF02F0F70219
:1059300002F0F3025A72AC22DA7103B030BD94F86F
:1059400020304BB9A3681B7A13F0080F204614BF10
:1059500008210421FFF78AFF2269A2B9A368D97C34
:10596000C9B28DF806109DF80610197941F01001A2
:105970001971197941F008011971197962F304114B
:10598000197103B030BDA369A1689A4209D0E268D9
:10599000C97C581CA061D154E3690133E36103B0B1
:1059A00030BD022584F821504B79E2696FF3000382
:1059B0004B7120460621FFF73BFFA3682169DD708C
:1059C0005A7942F001025A7191B9DA7CD2B28DF85B
:1059D00007209DF807201A7942F010021A711A79EF
:1059E00042F008021A711A7961F304121A71A4E7DD
:1059F000A269E168DB7C501CA0618B54E369013330
:105A0000E3619AE7006000405001002038B5EFF3F1
:105A10000383103B5BB2244AC03352F823106FF368
:105A2000104142F82310EFF30383103B5BB21F4A8F
:105A300052F8234094F8203093B194F8213003F0C9
:105A4000FF0263B9A369216999420ED0E269E06857
:105A5000A168C05C887401330132C4E9063238BDE4
:105A600005212046FFF702FFE7E723680E4993F977
:105A70000E3003F1C000002B51F8205062F31045A6
:105A800041F8205009DB5A09094803F01F0301219E
:105A9000603201FA03F340F82230A268D37943F070
:105AA0004003D37138BD00BF0060004050010020AA
:105AB00000E100E038B5EFF30383103B204A5BB20E
:105AC00052F82340A1680B795807C3F3800217D519
:105AD000CA796FF38612C023CA7101E0013B02D07C
:105AE000CA795206FAD4EFF30383103B5BB2154A2E
:105AF000C03352F823106FF3104142F8231038BD21
:105B0000022584F821504B7962F300034B71E2695E
:105B100007212046FFF78CFEA168CD704B7943F03A
:105B200001034B7194F82130002BD1D1A369E269B4
:105B3000E0680132C05C88740133C4E90632C7E70B
:105B4000500100200060004010B582B0EFF30383E5
:105B5000103B3E4A5BB252F8230083685A7A9107A1
:105B60004DD1D1B211F00C0F3CD0012280F824208D
:105B700090F82120012A65D0016982699142C269A9
:105B800088BF02F1FF324FF0030188BFC2614FF0BE
:105B9000000EA024DC7180F820E080F822E093F869
:105BA00005C06EF3000C83F805C090F82440002C6B
:105BB00043D1DF241C709F241C7000240223C46185
:105BC00080F82130FFF734FEEFF30383103B5BB224
:105BD0001F4AC03352F823106FF3104142F82310CC
:105BE00002B010BDCA06EFD5DA7CD2B28DF807201C
:105BF0009DF80720DA7902F0EF02DA71E4E700227B
:105C0000A02180F82420D97180F8202080F822205B
:105C1000597962F30001597190F8241081B9DF219C
:105C20009F2219701A7000210223C26980F8213066
:105C3000C1610121FFF7FCFDC6E783F809E0BCE77D
:105C40005A72F0E7C2690221A1E700BF50010020AB
:105C50000060004030B5836B83B004460A466D4651
:105C6000A3B193E8030085E80300E16B1A71626B4E
:105C7000196018469047A36B1BB195E8030083E8B1
:105C80000300002384F82B3003B030BD2B46ECE733
:105C9000036902682DE9F04F1F241C705F241C70FB
:105CA000DF241C70546A55682279564EDFF86081F3
:105CB00042F0E0021A74E27842F0E0025A74A278EC
:105CC000120102F0700242F008029A7022786478A1
:105CD000012A0CBF0522042242EA4402D2B2DA7041
:105CE000494A95420CBFF72277225A710027B32206
:105CF0009F71DA7191F9112091F80DC0B4184FEA33
:105D00000C1C5FFA8CFC84F800C302F1C00548F853
:105D100022003E4C4FEA521E54F825904FEA8E0E58
:105D200067F310490EF1604E44F825900EF5614E70
:105D3000012502F01F0205FA02F2CEF88021CEF80A
:105D4000002091F90F2006EB020E02F1C0098EF837
:105D500000C348F822004FEA521E4FEA8E0E54F854
:105D600029B00EF1604E0EF5614E02F01F0205FAE9
:105D700002F267F3104B44F829B0CEF88021CEF838
:105D8000002091F9102006EB020E02F1C0098EF8F6
:105D900000C348F822004FEA521E54F829B04FEAD7
:105DA0008E0E0EF1604E0EF5614E02F01F0267F38B
:105DB000104B44F829B005FA02F2CEF88021CEF853
:105DC000002091F90E100E444A0986F800C348F8E5
:105DD000210001F1C00001F01F018D4054F8201096
:105DE000920002F1604267F3104144F8201002F57E
:105DF00061424FF09F0AC2F88051156083F800A0FD
:105E0000BDE8F08F00E100E040420F00006000407C
:105E10005001002010B483B0EFF30383103B5BB25A
:105E2000484AC03352F823106FF3104142F8231050
:105E3000EFF30383103B444A5BB252F8233093F8EC
:105E40002D20BAB99A69022A1A699EBF117941F0C8
:105E500040011171D969012917D0D27CD2B28DF8D5
:105E6000072001219DF8072083F82D1003B05DF86D
:105E7000044B7047DA69002AF8D0032A0ED0022AB0
:105E80004ED0012A21D019690DE0117941F010019D
:105E90001171117941F008011171DEE719690A7970
:105EA00042F040020A711A6A5869C97C8154D3E9E8
:105EB00007210131013AC3E90721002AD6D1196926
:105EC0000B7962F386130B71D0E793F82A1089B32C
:105ED00019681E4C91F90F104809203001F01F017C
:105EE00002FA01F144F82010BFF34F8FBFF36F8F18
:105EF0001969C87940F08000C871087940F0100035
:105F0000087108794FF0040C6FF3C300087181F831
:105F100001C048796FF30000487183F82C20C2E774
:105F200019690A7942F010020A710A7942F00802EE
:105F30000A71B8E719694A7A082002F0F7024A7232
:105F40004870B0E7006000405001002000E100E030
:105F5000EFF30383103B5BB2354AC03352F8231092
:105F60006FF3104142F82310EFF30383103B5BB251
:105F7000304A52F8232092F82730002B37D192F87C
:105F800029309BBBD36910B4002B42D11069C17971
:105F90006FF3C711C023C17101E0013B02D0C17989
:105FA000C909FAD11368224A93F9103003F1C001EC
:105FB000002B52F821406FF3104442F8214009DBD6
:105FC0005A091D4C03F01F030121603201FA03F34B
:105FD00044F82230C3795DF8044B43F04003C371A9
:105FE0007047022909D192F8300030B9704792F811
:105FF0002610032992F82810F3D0106992F824C0D3
:1060000080F812C00131013B82F8281082F8273055
:106010007047D2E90404116A013B645C8474013165
:10602000C2E90731002BB2D05DF8044B704700BFC6
:10603000006000405001002000E100E010B4EFF3E8
:106040000383103B2B4A5BB252F8233093F829208C
:106050001AB193F82720012A47D0DA69D2B1196919
:10606000CA796FF38612C023CA7101E0013B02D0E6
:10607000CA795206FAD4EFF30383103B5BB21E4A8F
:10608000C03352F823106FF3104142F823105DF82B
:10609000044B704793F82A10F9B11968174C91F91D
:1060A0000F10480920304FF0010C01F01F010CFACD
:1060B00001F144F82010BFF34F8FBFF36F8F1969C0
:1060C000C87940F08000C87104204870487962F3B4
:1060D0000000487183F82CC0C2E719694B7A082286
:1060E00003F0F7034B724A70BAE793F83020002AA6
:1060F000B3D1B4E7500100200060004000E100E0AF
:1061000038B5EFF30383103B4B4A5BB2E02152F802
:10611000234023695A7A5972D506D0B202F003019E
:106120001FD55A78520648D4E269012184F82B1011
:10613000002A5ED000252168DD712046FFF7A8FD0A
:1061400094F82610A2692369E56184F82810226278
:1061500084F82C50B322DA7101212046FFF77AFD32
:1061600012E00029E0D101071BD594F82B20002A6A
:1061700048D194F82910B322002914BF0221032129
:10618000DA712046FFF766FDEFF30383103B5BB245
:106190002A4AC03352F823106FF3104142F82310FB
:1061A00038BD94F82C20002AEED04207ECD594F8A4
:1061B0002B200121002AE4D1DBE70029B4D15A7851
:1061C0005506C2F38011CED584F82B105A7A216877
:1061D00002F0F702496A5A72082058700A78012AB8
:1061E0000CBF03220222DA705A7942F001025A717E
:1061F000CAE794F82C20002A9CD194F82B20002A7E
:10620000A8D097E7E2696AB1002294F82600A16954
:10621000E26184F82800216284F82C20B322DA712C
:106220000121AEE794F82C20002AEDD194F82B2020
:10623000002AF3D0E8E700BF5001002000600040D2
:1062400010B582B0EFF30384103C164B164964B2CC
:1062500053F8242050790B5C03F00303032B0FD079
:10626000C03451F824306FF3104341F82430936860
:1062700023B1D268CDE900206846984702B010BD2E
:10628000936823B1D268CDE9002068469847064B51
:10629000C03453F824206FF3104243F8242002B096
:1062A00010BD00BF50010020006000400346D3E94C
:1062B0000223002053607047D0E90123D26930B433
:1062C000D2E9011444F00044D0685C61D2E904547E
:1062D00040F0004041F000419861196100205D628A
:1062E0009C6230BC704700BF002800DA704710B4D1
:1062F00000F16043114C03F561430901C9B283F811
:10630000001344F820200E4900F1C00200F01F0CD9
:10631000400951F82240800000F1604000F56140E2
:106320006FF31044012341F8224003FA0CF3C0F844
:1063300080315DF8044B0360704700BF50010020BE
:106340000060004070B5836984B004468C461646F0
:1063500001AD9BB193E8070085E8070083F804C00E
:10636000E2691A609E60184662699047A3691BB192
:1063700095E8070083E8070004B070BD2B46EDE701
:1063800090F800C0486EBCF1030F98BF01300AB10D
:10639000824227D310B4019C496BE40754BF01F03B
:1063A0001F01C1F30441BCF1030F09D9090981F0B0
:1063B000010172B9E9B902225DF8044B5A607047D5
:1063C00001F00C01A1F10401B1FA81F14909002A9F
:1063D000F0D0824201D30029EDD103225DF8044BB5
:1063E0005A607047BCF1030F98BF02F1FF321A6088
:1063F00070470028DFD0F0E72DE9F0470B7C0D4611
:10640000012101FA03F2C260920716BF0022017453
:106410000274D5E9052103F5800303F5F0631B023F
:1064200042610022EE694560C0E9062184B004465D
:106430008360EFF31080012383F31088854B297C60
:106440000229D3F8081134BF6FF020076FF040071E
:106450003940C3F80811D3F8083180F31088A368D5
:106460006F684FF425411960DA62DA639A642A781A
:10647000297A032A4FEAC15107F1FF3C00F0D58089
:1064800084BF41EA0241BC46D6E9068ED9624FF08C
:10649000004119610020596199614FF0FF31586244
:1064A000039098620291C3F81C80C3F820E0D6F8EC
:1064B0002C80C3F868C0C3F864C0002A40F0A080F4
:1064C000790801390291404601224FF0030C5965C9
:1064D000996500285DD095F800E0B76A002F71D06B
:1064E000B97897F80390090641EA097197F8049082
:1064F00041EA09419963B968C3F88C10002965D055
:10650000012148B997F81C9097F81BA04FEA4969F8
:1065100049EA4A2948EA0908C3F8881040B996F8B8
:10652000211096F82000490741EA403148EA010865
:106530004FF4AA01BEF1010F196402D10021D96400
:106540001965E168D960C3F83480C3F830C01A63B4
:10655000697C95F912002246FFF7C6FE96F82210D4
:1065600096F924002246FFF7BFFE96F8231096F90D
:1065700025002246FFF7B8FE2FB1397897F90100C0
:106580002246FFF7B1FE344B2360002004B0BDE883
:10659000F0873178F9B995F800E0B17800299CD0FE
:1065A000F778BEF1020F4FEA071141EA87113FD099
:1065B0004BD903273943B76A48EA014848F0807845
:1065C000002F8DD19F63C3F88870A7E7F968003961
:1065D00018BF012195E795F800E07178BEF1020F30
:1065E0004FEA81194FEA011724D029D9032148EA3B
:1065F000010848EA090848EA070848F48078CCE727
:10660000012A19D000901946EA68606802ABFFF7CA
:10661000B7FEDDE90210020442EA006242F0030C18
:10662000A368F06A42F0010251E741F480312BE7A0
:106630000927BFE70921DAE740464FF0030C46E798
:10664000002914BF09210621D1E7002F14BF092713
:106650000627AFE7006F04405450470030B443684A
:1066600093F91220DB69002A11DB51092E4D02F04B
:106670001F0C2031012404FA0CF445F82140BFF32B
:106680004F8FBFF36F8F2949002441F8224093F9BF
:106690002420002A11DB5109234D02F01F0C203168
:1066A000012404FA0CF445F82140BFF34F8FBFF3E7
:1066B0006F8F1E49002441F8224093F92520002ABB
:1066C00011DB5109184D02F01F0C2031012404FA8E
:1066D0000CF445F82140BFF34F8FBFF36F8F134980
:1066E000002441F822409B6AA3B193F90130002BAA
:1066F00010DB03F01F045A090121A14020320A4C8B
:1067000044F82210BFF34F8FBFF36F8F074A002169
:1067100042F823108268C1680023036030BC184629
:1067200091605363704700BF00E100E0500100201A
:1067300030B4EFF30383103B5BB2184A184C03F1FB
:10674000C00152F821006FF3104042F8210054F8C4
:106750002300446894F800C0BCF1010F15D1D0E9C2
:106760000254AC600024AC64EC642C6552F82150F7
:1067700064F3104542F821505A090A4903F01F03F7
:1067800060320CFA03F341F82230436923B100224E
:1067900030BC1146FFF7D6BD30BC704700600040EA
:1067A0005001002000E100E01E4B10B4C3600B78E4
:1067B00003F001034370EFF3108C012484F310887D
:1067C000194BD3F8082122F48012C3F80821D3F81A
:1067D00008318CF31088EFF3108C84F31088427822
:1067E000D2B9C468237962F3861323718CF31088BD
:1067F0004A684B78D278C468D201DB01D2B2DBB2EE
:106800006271A3710123E3710A780270074B436040
:106810005DF8044B00207047C26813796FF3C7130B
:106820001371E3E700E00540006F0440004341447A
:10683000C3684278002023F812107047EFF31083EA
:10684000012282F310884278C1683AB90A7942F08D
:1068500040020A7183F31088002070470A7942F0E1
:1068600080020A7183F3108800207047EFF31081D3
:10687000012383F31088427842B9C068037962F338
:106880008613037181F3108800207047C268137962
:106890006FF3C713137181F310880020704700BF96
:1068A000EFF3108C012383F31088437873B9C26827
:1068B000117963F386111171117A63F386111172E4
:1068C0008CF310880023436018467047C3681A7918
:1068D0006FF3C7121A711A7A6FF3C7121A72EFE7C1
:1068E000F0B5076A8BB0064667B3BE468C46BEE875
:1068F0000F006C460FC4BEE80F000FC49EE80300F3
:1069000084E80300BCE80F003D460FC5BCE80F005B
:106910000FC59CE803008EE80300F36938469847EA
:10692000336A6BB1EE469C46BEE80F00ACE80F0040
:10693000BEE80F00ACE80F009EE803008CE80300FF
:106940000BB0F0BD0F46E8E730B58BB0EFF3038333
:10695000103B5BB22E4AC03352F823106FF3104144
:1069600042F82310EFF30383103B5BB2294A52F83D
:10697000235000212822684606F055FC6C6894F8E4
:106980004D380020DBB284F84D08ADF80430B4F87F
:106990004218C1F30012C90638D543F02003ADF800
:1069A0000430022394F8532884F8533894F852386A
:1069B00003F01F03D2B2E11884F8532891F820287D
:1069C00060F3820281F820282A68126800926946E2
:1069D0006A6A039328460492FFF782FFB4F84238AC
:1069E000DB0611D52B681A69127D6AB193F915304F
:1069F000002B09DB5A09084803F01F03012140322C
:106A000001FA03F340F822300BB030BD1346DBE748
:106A1000006000405001002000E100E02DE9F0415D
:106A20008AB0EFF30383103B5BB23F4AC03352F8A6
:106A300023106FF3104142F82310EFF30384103C4E
:106A40003A4B66B2002253F82600D0E900E595F8EB
:106A5000533885F8532895F8527807F01F07DBB2B2
:106A600007F1200285F85338130104F0FF0455F8AC
:106A700003C0CCF380718DF81910E958DEF810309E
:106A80001B7B43EAD17303F001038DF81830002B10
:106A900046D1CCF38A4305EB021205939188C1F3EA
:106AA000030301F00F0108298DF81A3035D90821A8
:106AB0008DF81A1008AA002305EB071808EB030C41
:106AC00001339CF806C202F801CB8B42F6D3DEF804
:106AD000003003972F440093442387F82038002385
:106AE00007934FF48063ADF804306946436A04931A
:106AF000FFF7F6FEB5F84238DB070BD5002E09DBB1
:106B000076090B4A04F01F040123403603FA04F40B
:106B100042F826400AB0BDE8F0810029CAD1D6E784
:106B20002CF06043B7E700BF006000405001002038
:106B300000E100E070B58AB0EFF30383103B5BB275
:106B4000214AC03352F823106FF3104142F823104A
:106B5000EFF30383103B1D4A5BB2012652F823502A
:106B60006C6894F8532884F8536894F85238D2B279
:106B700003F01F0384F853280393E2184FF40063D3
:106B8000ADF804302B681B6800936B6A04930023F4
:106B900082F82038694682F820382846FFF7A0FEA0
:106BA000B4F842389B070CD52B6893F91730002BAB
:106BB00007DB5A09064903F01F0340329E4041F8A3
:106BC00022600AB070BD00BF00600040500100208C
:106BD00000E100E08268117A01F00101137AC3F349
:106BE00040039942FAD143681978012908D1C16854
:106BF00093F810C004484B1E9BB240F82C10138031
:106C0000F12313720020704704010020D0E9022311
:106C1000013BF1219BB2138000201172704700BF2D
:106C20008268117A01F00101137AC3F3400399429B
:106C3000FAD143684FF0F40C002182F808C01173B8
:106C400093F9123013F1210F03D10023036018468A
:106C500070478B421ADB5A0910B401210F4C2032C5
:106C600003F01F0301FA03F344F82230BFF34F8F00
:106C7000BFF36F8F43680A4A93F912305DF8044BF3
:106C800042F823000023036018467047044A42F884
:106C90002300002303601846704700BF00E100E0B6
:106CA00050010020F0B40B7C03F1401303F50063A6
:106CB0001B02C0E90113EFF31085012383F3108851
:106CC0000C7C394AC4F10304A340D2F8084124EAF9
:106CD0000303C2F80831D2F8083185F310888268BE
:106CE00000231372137AC3F3400C9B07FAD4CC69C8
:106CF00082F80AC0E37826780D7A247903F0070336
:106D0000002E42D1002D47D114734C6847680026ED
:106D100096735372631E95729BB2C4603D7C138060
:106D2000224B43F8254091F91230B34222DB4A7CD2
:106D300003F1604404F561441201D2B284F80023E7
:106D40001B4A1C4C42F8230003F1C0055A0954F8B1
:106D50002570920002F1604266F3104744F82570F6
:106D600002F5614203F01F03012404FA03F3C2F8A1
:106D700080311360D1E9054100230F4A0461C0E965
:106D800005310260F0BC18467047502E06BF43F034
:106D9000500365463343B7E785F0020543EA051320
:106DA000DBB23546B0E700BF006F044004010020AD
:106DB000500100200060004054474100F0B585B00C
:106DC000EFF30383103B5BB203F1C0011B4A1C4C81
:106DD00052F821006FF3104042F8210054F823408C
:106DE000D4E901120978137A0129DBB204D1F42124
:106DF00003F0F003117213722769B7B1656901AE30
:106E0000CDB195E8070086E807009B0644BF002344
:106E10002B71A3692B602846B84763691BB196E8BC
:106E2000070083E80700A268137ADBB203F00F03C0
:106E3000137205B0F0BD3546E7E700BF00600040C3
:106E400050010020034600201A689B8A1380704777
:106E500003681B88C3F3C03300200B70704700BF6A
:106E600003681031002033F811301380704700BFE1
:106E700043682DE9F041D1E901250C685E6903689A
:106E80001FFA84F8A3F804801FFA82F8A3F814808C
:106E900022F0405C1FFA85F824F0405E25F0405750
:106EA0002243A3F808804FEA1C4C3F0C4FEA1E48CF
:106EB00012F0405FA3F80680A3F816C05F8159D195
:106EC000CA68002A00F0988015892F0522D5D2E9DA
:106ED00000C7B2F80A80A3F89050A3F89C80B2F8DB
:106EE0000C80A3F89E801FFA8CF8A3F89480CCF352
:106EF0000B484FEA1C7CA3F8968083F892C01FFAD7
:106F000087FCA3F898C0C7F30B4C3F0FA3F89AC0B7
:106F100083F89370AF051FD40A8AA3F89050A3F8A2
:106F20008020F27892B11A88BEFA8EF11FFA82FEA2
:106F30002EF01F0E0EF11F0E828AAEEB010E1FFA0D
:106F40008EFE4EEA0202A3F800E082822B4BC0E9DB
:106F500003340020BDE8F081977C92F813C047EA23
:106F60000C0783F8A670D789128AA3F8A870A3F833
:106F7000AA20D1E7224FD7F82080224F3F68C8F3DC
:106F8000026C07FA0CFCC8F302181F4F2CFA08FC1D
:106F9000A7FB0C7C4FEA9C1C1C4F41F2883808FB75
:106FA0000CFCA7FB0C7C4FEA9C4C0CF1010CBCF1D7
:106FB000070F38BF4FF0070C12F080570AD05FFA66
:106FC0008CF715F0805F83F8DE7040F2011708BF80
:106FD0004FF48077920009D55FFA8CFC47F4007774
:106FE000AA0083F8DFC048BF47F00207CA68BFB2F3
:106FF0005F82002A7FF468AF15468DE74344415213
:1070000000E00140DC010020D34D621083DE1B4311
:107010002DE9F8430B880C465B0222696669C96852
:10702000026203F1804303F5B8230022036081610B
:107030004460C261317962790546A0788F074FEAD2
:107040000223F17843EA403354BF43F0400343F452
:107050008863002900F0DF8043F42073022A08BF10
:10706000764A9BB208BF32F821C0AB8218BF4FF0FE
:10707000000C2279E178707896F800E0D20342EAB9
:10708000410242EA4010EFF31088012181F3108899
:107090006B4F2288D7F80891C2F1100201FA02F270
:1070A00029EA0202C7F80821D7F8082188F31088D6
:1070B00047F6FF572A6880B23B401380A2F810C001
:1070C000D08182F80CE03379980700F1AD8082F826
:1070D0008A3094F90630002B22DB227A03F16041DA
:1070E00001F561411201D2B281F80023554A564997
:1070F00042F8235003F1C0005A0951F82070920061
:1071000002F160426FF3104741F8207002F56142CE
:1071100003F01F03012101FA03F3C2F88031136069
:1071200094F90730002B22DB627A03F1604101F50C
:1071300061411201D2B281F80023424A424942F829
:10714000235003F1C0005A0951F82040920002F187
:1071500060426FF3104441F8204002F5614203F0B1
:107160001F03012101FA03F3C2F88031136096F97D
:107170000630002B22DB327A03F1604101F56141D8
:107180001201D2B281F800232E4A2F4942F823502F
:1071900003F1C0005A0951F82040920002F1604208
:1071A0006FF3104441F8204002F5614203F01F03E1
:1071B000012101FA03F3C2F88031136096F9073018
:1071C000002B22DB727A1F4803F1604101F5614117
:1071D0001201D2B281F8002340F8235003F1C0011C
:1071E000194A52F821006FF3104042F821005A0961
:1071F000920002F1604202F5614203F01F03012197
:1072000001FA03F3C2F880311360104BAB60002029
:107210002861BDE8F883002A7FF420AF43F40043DF
:107220009BB2AB82944624E743F0030382F88A3092
:10723000084600F03DF92A68337948E798D60000FF
:10724000006F044050010020006000404344415260
:1072500070B40021C0E90211436893F906205C690B
:107260008A4211DB5309364E203302F01F0C0125F0
:1072700005FA0CF546F82350BFF34F8FBFF36F8F1D
:10728000304B43F82210436893F90730002B11DB91
:107290005A092B4D03F01F0C2032012101FA0CF189
:1072A00045F82210BFF34F8FBFF36F8F254A00219F
:1072B00042F8231094F90630002B11DB5A09204DB7
:1072C00003F01F0C2032012101FA0CF145F82210C5
:1072D000BFF34F8FBFF36F8F1A4A002142F823107C
:1072E00094F90730002B10DB03F01F045A09012129
:1072F000A1402032124C44F82210BFF34F8FBFF34D
:107300006F8F104A002142F82310036800221A826E
:107310001A80EFF31084012383F3108840680A4930
:107320000088C0F110008340D1F808010343C1F880
:107330000831D1F8083184F31088104670BC7047CA
:1073400000E100E050010020006F0440064B0749B7
:1073500093F826001A6A51F820300549C2F30262F8
:10736000D3400B60704700BF00E00140D000002018
:10737000DC01002038B5434B434C444844494AF2B1
:107380000355A3F8FE530022424DA0F800212160CE
:107390004FF4004193F82600C4E90151C4E90321E8
:1073A000196A626154F820203B4DC1F30261CA4062
:1073B000082009212A6083F8130483F8A21093F8A7
:1073C0008024002A55D02F4B002283F8812483F893
:1073D000802493F8A0208AB193F83620002A3FD069
:1073E000284A92F8A030D806C3F30011F9D42548F2
:1073F00082F8A01090F8A030D906FBD4214B0022CF
:1074000083F8362093F83C20D207FBD501210022D7
:1074100083F8311083F82620204A1A6293F8262038
:1074200054F822001C6A194AC4F30264E040286040
:107430004FF0040C842083F83EC083F83E004FF4E4
:10744000254083F8D010A3F8FE03A2F80411B2F887
:1074500004319BB2002BFAD10123A2F8003138BDD0
:1074600093F83C20D207BBD493F83C20D207F7D541
:10747000B6E7012183F8801440F2C44000F018F808
:10748000A1E700BF00E00140D000002000C00140A3
:10749000006CDC0200127A00DC0100200001011007
:1074A000704700BFA0F101000028FBD1704700BF6A
:1074B00030B5144D144A00FB01F14FF47A7328687B
:1074C000B2FBF0F2A1FB03C44FF0FF304FF0000E0F
:1074D00060457EEB040407D3BCFBF2F0800878B172
:1074E000BDE83040FFF7DEBF9200B1FBF2F1A1FB37
:1074F000031388427EEB0303F2D308460028EFD142
:1075000030BD00BFDC01002000CA9A3B0B4B70B5B8
:10751000B3F840510A4E0024ADB225FA04F3DB075C
:10752000E0B203D556F8243003B198470134102C4B
:10753000F3D1024BA3F8305170BD00BF0060004092
:107540000C010020084B10B4084C03F1200C5842E9
:10755000C21813F8011FC032634544F82210F7D156
:107560005DF8044B704700BFBAD7000000600040D0
:10757000EFF31081012383F31088124B33F81020AE
:1075800092B22AB133F81020013A92B223F81020B7
:1075900033F810309BB293B90B4A10B4B2F8FE33F3
:1075A0000A4C9BB234F8100043F4254323EA00034D
:1075B000A2F8FE3381F310885DF8044B704781F325
:1075C00010887047D001002000E00140A4D60000E0
:1075D00030B4EFF31081012383F310880E4A32F8A0
:1075E00010309BB26BB90D4C0D4DB4F8FE3335F82D
:1075F00010C09BB243EA0C0343F425439BB2A4F8AA
:10760000FE3332F8103001339BB222F8103081F390
:10761000108830BC704700BFD001002000E001405E
:10762000A4D600000B4A08B50346106840B10333E6
:10763000094923F0030303448B4204D8136008BDB7
:1076400006481060F3E705F0CDFD0C2303604FF012
:10765000FF3008BDD8010020007B0020800F0020F3
:1076600000BE704708B500F005F8FCF779FDFEE7AD
:10767000704700BF70B5464B464A47484FF4700408
:10768000C3F888404AF2025198600123A2F8FE1321
:1076900082B082F81F3492F8B134DB06FBD50020AB
:1076A0004FF425460446A2F8FE63FFF7E1FFFFF71B
:1076B00061FE8DF8074001209DF80730FFF788FF35
:1076C000EFF31081012585F31088344BD3F80421A2
:1076D00022F00042C3F80421D3F8042181F310887A
:1076E0002F4A1168C1F300018DF807101168C1F32A
:1076F00000018DF807101268C2F300028DF8072010
:10770000EFF3108185F31088D3F8042142F0004292
:10771000C3F80421D3F8043181F310882846FFF719
:1077200027FF2846FFF7A4FF1E4B1F499C801F4AD6
:107730001E8099601E49D9604FF48051A2F8201133
:107740001C481D4A9D80121A214605F06CFD1B48FD
:107750001B4A1C491C4D121A05F05AFD1B4B5B1BA2
:10776000A3424FEAA30605DD55F8043B01349847D0
:10777000A642F9DCFFF7EAFD0220FFF779FFFFF7E9
:10778000E1FE002002B0BDE87040FFF789BE00BFF7
:1077900000ED00E000E0014000400000006F044008
:1077A00000080440000D0040007B00200060004005
:1077B000007F0020E80000207C0F00200000002057
:1077C000D000002048D8000098000020BC00002015
:1077D00000220270C0E9012280F83520012280F8E1
:1077E0003620DF22827770472DE9F04704464FF0BC
:1077F00000081F469DF8283080F80080217303752B
:10780000089B0361099B83610B9B03620C9BDFF860
:107810004091C0E90938FF238A4643771546002A7C
:107820003ED184F83520502004F0D2FE4FF6FF738D
:10783000A0F8423000F12008DF2380F8205080F8C3
:10784000215080F8225080F82350C0E90955C562C4
:10785000C0E90E55C0E90C5580F8443080F8453039
:1078600080F8405080F84150C0E91255C4F8288093
:1078700020222946064605F0D6FC072FA6605AD8D6
:10788000314ABAF1020FD35D114642D099F8000097
:10789000002856D1002B4ED102232777D35548E03C
:1078A000012A48D184F83520242004F091FE837801
:1078B00080F8008068F3020383704378C57003F09A
:1078C000F80368F306130646437080F8048080F8D6
:1078D000058080F80680A0621C224146083005F031
:1078E000A2FC012F666026D8184BBAF1020FDA5DB0
:1078F000194602D099F8000028B1012A1BD80223AA
:107900002777CB5515E0B2B90222DA5527772570D3
:1079100011E0012BF3D92777384601F0FBFB302229
:10792000816A404605F074FC384601F0F3FB036BB6
:10793000A36101232370002389F800302078BDE87B
:10794000F087012BDAE700BFE2010020E001002010
:10795000EA01002038B590F8353004468BB98068CC
:1079600008B9002038BD04F10C01FEF745FD0546BD
:10797000A068FEF7A1FC0E2D01D0002DF1D1012051
:10798000F0E7012BEDD140680028EAD004F10C01AA
:107990000830FFF787F9054660680830FFF736F9C9
:1079A000E9E708B590F835303BB9806820B1FEF7BB
:1079B0007DFCB0FA80F0400908BD012B06D140687B
:1079C0000028F9D00830FFF705F9F2E70020F3E7C7
:1079D00008B590F835303BB9806820B1FEF73EFE1F
:1079E000B0FA80F0400908BD012B06D1406800289C
:1079F000F9D00830FFF714F9F2E70020F3E7FFFFB2
:107A000038B50446FFF7E4FF606838B1237F0C4ABD
:107A100000252421D55404F003FE6560A56875B1E6
:107A2000237F084AA86C0021D15410B1202104F012
:107A3000F7FD5021284604F0F3FD0023A36038BD74
:107A4000E0010020E201002010B50446FFF7D8FF56
:107A5000204610BD01F10C0303608B6803B1203395
:107A600043604B6883607047836823B118680030B7
:107A700018BF0120704740680028FBD08068F6E7F7
:107A8000F0B585B004460F46014601A81546FFF73C
:107A9000E1FF2046FFF7E8FF064610B12046FFF75A
:107AA00097FF00F057F82A4601A900F01FF9054694
:107AB00050B167772EB12046FFF74CFF2046FFF705
:107AC00070FF284605B0F0BDDF23A377F2E7FFFF84
:107AD0000028A8BF00F160404FEA0111AEBF00F5D9
:107AE000614000F00F00034BC9B2ACBF80F8001337
:107AF0001954704714ED00E000F1C0020A4B53F82E
:107B000022106FF3104143F8221000F01F024009C9
:107B1000800000F1604000F5614001239340C0F80F
:107B200080310360704700BF0060004043090122BC
:107B300000F01F0002FA00F02033044A42F823004C
:107B4000BFF34F8FBFF36F8F704700BF00E100E0BE
:107B50007047FFFF38B50A4D2B78BFF35B8F13F0EA
:107B600001040BD1284604F044FD38B1054B2846EA
:107B70001C6004F04AFD044801F03AFD014838BD9C
:107B8000EC010020F0010020517B00002AB9304BAD
:107B9000C031012243F821207047012A03D1C031AE
:107BA0002B4B0222F6E7022A03D1C031284B0322D5
:107BB000F0E7032A03D1C031254B0422EAE7042A67
:107BC00003D1C031224B0522E4E7052A03D1C0319D
:107BD0001F4B0622DEE7062A03D1C0311C4B0722C9
:107BE000D8E7072A03D1C031194B0822D2E7082A67
:107BF00003D1C031164B0922CCE7092A03D1C03189
:107C0000134B0A22C6E70A2A03D1C031104B0B22BC
:107C1000C0E70B2A03D1C0310D4B0C22BAE70C2A66
:107C200003D1C0310A4B0D22B4E70D2A03D1C03174
:107C3000074B0E22AEE70E2A03D1C031044B0F22B0
:107C4000A8E70F2AA8D1C031014B1022A2E700BF3C
:107C50000060004032B91A4BC0315D2243F8212048
:107C600001207047012A05D1C031154B652043F82A
:107C70002100F5E7022A03D1C031114B6D22EDE757
:107C8000032A03D1C0310E4B7522E7E7042A03D142
:107C9000C0310B4B7D22E1E7052A03D1C031084BEF
:107CA0008522DBE7062A03D1C031054B8D22D5E7BB
:107CB000072A03D1C031024B9522CFE7002070473D
:107CC0000060004032B9C031074B1E2243F821202A
:107CD00001207047012A05D1C031034B212043F810
:107CE0002100F5E70020704700600040F8B50E461F
:107CF00001681B4B1F29054617469C682CD8336822
:107D000093F91220213201D00120F8BD726840346D
:107D100082B11A7CFFF79EFF0028F5D03268082355
:107D200053742B689374A7B90E4A44F82320013387
:107D30002B60EAE7B2688AB11A7CFFF7C3FF00281C
:107D4000E2D03268082353742B6893740FB9064A43
:107D5000EBE744F82370EAE70020D6E71046D4E7C3
:107D600000ED00E031670000BD6D00002AB9064B50
:107D7000C031362243F821207047012AFCD1C0319E
:107D8000014B3B22F6E700BF006000402AB9064BDA
:107D9000C031352243F821207047012AFCD1C0317F
:107DA000014B3A22F6E700BF006000402AB9064BBB
:107DB000C031372243F821207047012AFCD1C0315D
:107DC000014B3C22F6E700BF006000402AB9064B99
:107DD000C031382243F821207047012AFCD1C0313C
:107DE000014B3D22F6E700BF006000402AB90C4B72
:107DF000C031992243F821207047012A03D1C031B4
:107E0000074B9F22F6E7022A03D1C031044BA4227C
:107E1000F0E7092AF0D1C031014BA922EAE700BFFF
:107E2000006000402AB90C4BC031982243F8212051
:107E30007047012A03D1C031074B9E22F6E7022A80
:107E400003D1C031044BA322F0E7092AF0D1C0319D
:107E5000014BA822EAE700BF006000402AB90C4BA2
:107E6000C0319A2243F821207047012A03D1C03142
:107E7000074BA022F6E7022A03D1C031044BA5220A
:107E8000F0E7092AF0D1C031014BAA22EAE700BF8E
:107E9000006000402AB90C4BC0319B2243F82120DE
:107EA0007047012A03D1C031074BA122F6E7022A0D
:107EB00003D1C031044BA622F0E7092AF0D1C0312A
:107EC000014BAB22EAE700BF006000402AB9064B35
:107ED000C031AE2243F821207047012AFCD1C031C5
:107EE000014BB322F6E700BF006000402AB9064B01
:107EF000C031AD2243F821207047012AFCD1C031A6
:107F0000014BB222F6E700BF006000402AB9064BE1
:107F1000C031B12243F821207047012AFCD1C03181
:107F2000014BB622F6E700BF006000402AB9064BBD
:107F3000C031B02243F821207047012AFCD1C03162
:107F4000014BB522F6E700BF006000402DE9F84F75
:107F5000B44B9F6803681F2B0446154603D90020C5
:107F600062B6BDE8F88F403772B6012940F09080C4
:107F7000002AF4D09368213340F0888003681268A7
:107F80001A441F2AEBD86A68DFF8B48247F8232026
:107F9000C033332248F8232090F90000FFF7C6FDD4
:107FA00094F90030C0330C2158F823206FF31042AD
:107FB00048F8232094F90000FFF78AFD94F90000A7
:107FC000FFF79AFD2368AB605A1C69682260C133D1
:107FD00047F82210342248F8232094F90000FFF7D4
:107FE000A5FD94F90030C0330C2158F823206FF31D
:107FF000104248F8232094F90000FFF769FD94F936
:108000000000FFF779FD236869685A1CC1332260BC
:1080100047F82210312248F8232094F90000FFF796
:1080200085FD94F90030C0330C2158F823206FF3FC
:10803000104248F8232094F90000FFF749FD94F915
:108040000000FFF759FD236869685A1CC13322609C
:1080500047F82210322248F8232094F90000FFF755
:1080600065FD94F90030C0330C2158F823206FF3DC
:10807000104248F8232094F90000FFF729FD94F9F5
:108080000000FFF739FD236801332360012067E713
:1080900002290DD1002A3FF462AF93682133F5D154
:1080A0000068136818441F288CBF0020012057E780
:1080B000032911D1002A3FF452AF92F91230213333
:1080C000E4D10E2353740168574B917447F8213063
:1080D000127CFFF7F7FDD6E7042949D1002A3FF4C7
:1080E0003EAF92F90730213331D101680B1D202BAF
:1080F0003FF635AF0C264D4BD171967147F82130C4
:108100001278FFF773FE0168494B01310160697213
:108110002E7247F821302A78FFF7A0FE0168454B00
:108120000131016069712E7147F821302A78FFF71B
:1081300079FE0168404B01310160AE72E97247F887
:1081400021302A78FFF7A6FE03680133036095F912
:108150000700FFF7D1FC95F90900FFF7CDFC95F971
:108160000500FFF7C9FC95F90B00FFF7C5FC8DE78B
:10817000002940F09480002A3FF4F1AE137A3BBB13
:10818000126892F90D3021331ED10C23137303684A
:1081900053732A4A47F82320C033294A262142F83C
:1081A00023102B68686893F90D101B7B01F1604266
:1081B0001B0102F56142DBB282F80033214B43F828
:1081C00021002368013323602B6893F90D00CCE76D
:1081D000012B39D1126892F90F3021331ED10C23B3
:1081E00093730368D373154A47F82320C033144AA6
:1081F000272142F823102B68686893F90F109B7BA6
:1082000001F160421B0102F56142DBB282F80033EA
:108210000C4B43F821002368013323602B6893F94A
:108220000F00A2E700ED00E0BD6D0000094E000068
:1082300079500000F54E0000B95000000D560000C6
:108240000060004050010020022B7FF488AE1268CD
:1082500092F9113021331ED10C2313740368537427
:10826000A84A47F82320C033A74A282142F8231000
:108270002B68686893F911101B7C01F160421B01A7
:1082800002F56142DBB282F80033A04B43F82100D3
:108290002368013323602B6893F9110065E70529F2
:1082A00073D1002A3FF45BAE16680C23737396F902
:1082B0000F30213348D101680B1D202B3FF64FAE04
:1082C000F1733278DFF87882DFF84092FFF74EFDE5
:1082D00090F9003008EB03024FF0C00A82F800A3C7
:1082E000016849F8236001312B680160B1731A7885
:1082F000FFF74CFD90F9003008EB030282F800A371
:10830000016849F8236001312B68016031741A78E3
:10831000FFF74CFD90F9003008EB030282F800A350
:10832000016849F8236001312B68016071741A7883
:10833000FFF74CFD90F90030984488F800A349F805
:10834000236003680133036096F90F00704B47F810
:10835000203096F90E306F4A47F8232096F91030F6
:108360006D4A47F8232096F911306C4A47F82320CC
:10837000FFF7C2FB96F90E00FFF7BEFB96F910005F
:10838000FFF7BAFB96F91100EFE6062956D1002A4D
:108390003FF4E5AD16680C23737396F90F30213363
:1083A00041D10168CB1C202B3FF6D9AD5C4BF1735A
:1083B00047F821303278DFF88881DFF85091FFF7F5
:1083C00015FD90F9003008EB03024FF0C00A82F867
:1083D00000A3016849F823600131524B0160B17379
:1083E00047F821302B681A78FFF71CFD90F9003010
:1083F00008EB030282F800A3016849F82360013109
:10840000494B0160317447F821302B681A78FFF727
:1084100025FD90F90030984488F800A349F82360BE
:1084200003680133036096F90F00FFF765FB96F9C7
:108430000E00FFF761FB96F9100096E607294CD174
:10844000002A3FF48CAD556840F60C432B8295F919
:108450000D30213320D101680B1D202B3FF67FAD5D
:1084600069732A78FFF782FC0168013101602A787C
:108470002973FFF78BFC0168013101602A78A97329
:10848000FFF794FC0168013101602A78E973FFF776
:108490009DFC03680133036095F90D00234B47F8F9
:1084A000203095F90C30224A47F8232095F90E30F8
:1084B000204A47F8232095F90F301F4A47F8232018
:1084C000FFF71AFB95F90C00FFF716FB95F90E0064
:1084D000FFF712FB95F90F0047E6082932D1002A71
:1084E0003FF43DAD92F9023021337FF4CFAD0C2340
:1084F00053700168114B917047F821301278FFF7E3
:1085000045FBC0E5755600000060004050010020AA
:10851000515F0000155E00003D6000000161000039
:1085200085530000655300001D5500000D5A0000E2
:10853000E1580000B55A0000495B000041620000AC
:1085400000E100E0092978D1002A3FF408AD56681F
:1085500096F90230213365D101680B1D202B3FF6BF
:10856000FEAC92F808A0AC4BD2F80090B1704FF07E
:10857000060B86F806B0524647F82130FFF7A6FCF6
:10858000A64D96F90220B379DFF8BC82A9181B0129
:10859000DBB281F800330168A14B48F82290013129
:1085A00001605246717086F805B047F82130FFF738
:1085B0009DFC96F901207379A9181B01DBB281F8A3
:1085C00000330168974B48F8229001310160524610
:1085D000317186F808B047F82130FFF7A7FC96F90B
:1085E0000420337AA9181B01DBB281F8003301683B
:1085F0008D4B48F82290013101605246F17086F8A7
:1086000007B047F82130FFF781FC96F90320F37992
:1086100015441B01DBB285F80033036848F822904B
:108620000133036096F90200FFF766FA96F901003C
:10863000FFF762FA96F9040097E50A297CD1002A2F
:108640003FF48DAC566896F90230213365D101684C
:108650000B1D202B3FF683AC92F808A0734BD2F889
:108660000090B1704FF0060B86F806B0524647F8FE
:108670002130FFF7BBFB694D96F90220B379DFF893
:10868000C881A9181B01DBB281F800330168684B6F
:1086900048F82290013101605246717086F805B0A9
:1086A00047F82130FFF7BEFB96F901207379A9182E
:1086B0001B01DBB281F8003301685E4B48F8229061
:1086C000013101605246317186F808B047F8213017
:1086D000FFF7E0FB96F90420337AA9181B01DBB2FF
:1086E00081F800330168544B48F822900131016051
:1086F0005246F17086F807B047F82130FFF7AEFB1D
:1087000096F90320F37915441B01DBB285F8003399
:10871000036848F822900133036096F90200FFF7DE
:10872000EBF996F90100FFF7E7F996F90400FFF776
:10873000E3F996F9030018E50B297FF410AC002A41
:108740003FF40DACD2E900150C232B7595F91530CB
:10875000213356D10368DA1C202A3FF600AC374A91
:108760006B7547F823202A6822B9C033344A4A205F
:1087700042F8230095F915002B7D324E00F160423E
:1087800002F561421B01DBB282F8003322682E4BF6
:1087900043F82010501C2060A87547F82060286816
:1087A00020B9C13226484D2640F8226095F916605E
:1087B0002A7D06F1604000F561401201D2B280F8D6
:1087C0000023226843F82610501C204E2060E875D4
:1087D00047F82060286820B9C13219484E2640F871
:1087E000226095F917602A7D06F16040120100F5BC
:1087F0006140D2B280F8002343F826102368013389
:10880000236095F91500FFF777F995F91600FFF742
:1088100073F995F91700A8E46143000000E100E056
:10882000C5420000194500003944000071510000A4
:10883000D9510000895200004D52000049690000E2
:10884000006000401D6A000050010020356B0000F0
:1088500008B53C220021024804F0E5FC08BD00BF39
:10886000F401002070B50024064D264655F824007A
:1088700020B12C2103F0D4FE45F8246001340F2CE4
:10888000F4D170BDF4010020002070470120704732
:10889000036840F213421B6A184790F83D34002BDE
:1088A000FBD07047D0F82C322BB1D0F828321844C6
:1088B00090F8240070474FF0FF30704713B504461E
:1088C00090F8A8048DF80710002378B184F83C34A0
:1088D000012284F83D340DF1070104F58860FBF7AF
:1088E00089FE94F83C34002BFBD0012002B010BD6F
:1088F0000023C0F82432C0F82832C0F82C32C0F867
:108900003034C0F83434C0F8383400F58860FBF7F0
:10891000EBBE036813B962B6BFF36F8F704713B530
:10892000EFF3108300930123019372B6019B5A1E4B
:1089300001923BB1D0F82C426846FFF7EAFF20468F
:1089400002B010BD6846FFF7E4FF4FF0FF34F6E7D2
:108950000268224B53F8223013B54BB10279042A36
:108960000CD0802A06D0022A02D1012283F83D24AD
:1089700002B010BD012283F83C24F9E7D3F82C2281
:10898000B2F5007FF4D0007AEFF31082009201225A
:10899000019272B6019A013A511C1AD0D3F82C12E6
:1089A000B1F5007F02F1FF3411D0D3F8241219443D
:1089B00081F82400D3F824120131C1F30801C3F86F
:1089C0002412D3F82C120131C3F82C12E3E722460B
:1089D000E2E768460192FFF79CFFC9E730020020FA
:1089E00013B5EFF3108300930123019372B6019B3B
:1089F0005A1E0192E3B1D0F82C32B3B1D0F828322C
:108A0000034493F82440D0F828320133C3F3080319
:108A1000C0F82832D0F82C32013BC0F82C3268461E
:108A2000FFF777FF204602B010BD4FF0FF34F6E7A6
:108A30006846FFF76EFF4FF0FF34F3E738B50446A2
:108A400000254FF47A70C4E90150A3611848049BD3
:108A5000E361C4E90412206029464FF4007204F176
:108A6000240004F0E0FBC4F824524FF40072C4F870
:108A700028522946C4F82C5204F50C7004F0D3FB9C
:108A80000123C4F83054C4F83454C4F8385484F87A
:108A90003C3484F83D34DF2384F8A85484F87734D8
:108AA00084F8793484F8753484F87B34204638BDF2
:108AB000B4D6000010B50C46FFF74CF8224604214E
:108AC000BDE81040FFF742BAF0B50369002B85B04E
:108AD000044602DA002005B0F0BD4269002AF9DB45
:108AE0008B42F7DA8A42F5DAD9B20022684602AE42
:108AF00003F0FEFC0122217D304603F0F9FC002248
:108B00003DF812500021AB11002D45D036F812006F
:108B1000002841D036F8110083EA9017FF063BD1B8
:108B200003F01F0323620028D4D0092BD2DC15F4F4
:108B3000F04F23691C4E0CBF4FF080624FF0A062D3
:108B400036F8331010F4F04F42F4803217480CBF5F
:108B50004FF080654FF0A065FCF716FE636913487F
:108B600036F8331045F480352A46FCF70DFEA3692C
:108B70005A1C0FD0E26901320CD036F833100B4882
:108B80002A46FCF701FEE369084836F833102A4606
:108B9000FCF7FAFD01209EE701310329B4D101322F
:108BA000032AADD196E700BF8CD50000780E0020D7
:108BB0002DE9F04104460E461546FBF7D6FA01466C
:108BC0002046FFF781FF84F8A804002800F0BD804C
:108BD00094F891145E4B226A6FF3010184F89114AA
:108BE000192143F82240A4F8921494F890340121FA
:108BF00084F895140F2103F0E70384F89C144FF6D2
:108C0000FF7143F04003A4F89E14A1696FF382033F
:108C100084F8903404F592670023013184F8943489
:108C200084F89634C4F8987484F8A03405D0E169C7
:108C300001311CBF082184F8A01484F8702404F2C8
:108C40009442C4F88C2440F213424FF6FF719542CF
:108C500084F8A23484F8A334A4F8A414C4F88834A3
:108C6000C4F88034C4F87C343ED02DD840F2114290
:108C7000954248D040F2124295424AD0354BC4F852
:108C8000843404F58E6841462046FFF713FF94F8BC
:108C9000A834184084F8A80401213B4640F6B832B5
:108CA0003046FBF7EFFF94F8931429B93B4640F6A2
:108CB000B8323046FBF7E6FF04F5886541462846A2
:108CC000FBF7BCFD78B3FEE740F23242954225D077
:108CD00040F2334295420FD040F231439D42CDD114
:108CE000022384F871340AE0022284F8712484F8A3
:108CF000723484F87334C1E7022284F8712484F852
:108D000072340123F5E7022284F8712484F8722476
:108D1000EFE7022284F871240322F7E7022384F8A4
:108D200071340323EBE739462846FBF7BBFC00B15F
:108D3000FEE7C4F82402C4F82802C4F82C02C4F8E0
:108D40003004C4F83404C4F83804BDE8F08100BF2E
:108D5000300200205189000007B54FF0FF33009327
:108D6000002201210248FFF769FE03B05DF804FB11
:108D7000580200200148FEF72BBD00BF0407002069
:108D80000148FEF761BE00BF04070020F8B5094F97
:108D9000054600240126AA6C06FA04F3134205D006
:108DA00007EB440261B22846FEF75AF801341D2C45
:108DB000F1D1F8BD48070020837870B5044683B927
:108DC0000E4D2A68AAB103883BB90D48FFF7DEFFB4
:108DD0002B682078BDE870401847012BF8D109486E
:108DE000F4E7012B05D00A2B04D1074B1B68002B9D
:108DF000EFD170BD0B2BFCD1044BF7E73C070020F3
:108E000084070020E00700204007002044070020DE
:108E1000F0B5044685B0002843D0002380F83230F6
:108E2000C1F38415836C012707FA05F213438364A9
:108E300000F13001FEF7ECF804AE04F148012046E1
:108E4000FEF716F82046FDF7FDFF06F8047D9DF8B5
:108E50000C30012B04D131462046FDF7F9FFF6E72F
:108E60000DF10E0229462046FDF7FAFF0E4BBDF824
:108E70000E0093F83330052B9CBF0C4AD2560C4B96
:108E80001B684FF0010101FA03F388BF0022009331
:108E9000002301FA02F2194600F086F980B205B00B
:108EA000F0BD4FF0FF30FAE784070020E0D6000065
:108EB0000000002013B50A220C46C1B2684603F038
:108EC00017FBBDF800205AB1064B074902F4F040E9
:108ED000B0F5006F0CBF18460846228002B010BDE6
:108EE0001046FAE7E007002084070020F0B50126CD
:108EF00080F82560C0E90F23022600F12403002535
:108F000040F60C4780F826600186DF260321436483
:108F10004FF4C05380F8245080F8275080F8285030
:108F200080F8295080F82A6080F82B60878580F8C7
:108F3000325080F8331080F8345080F8355080F883
:108F4000366080F837600787C0E91255C0E91455CC
:108F5000A0F85850A0F85A30F0BD10B50446406D46
:108F600010B1142103F05CFB204610BD37B50D286D
:108F7000044602A998BF0E34002321F8023D204682
:108F8000FFF798FF074B05464FF4004133F83400D4
:108F900000F076FBBDF806102846FFF739FF03B056
:108FA00030BD00BF8CD50000042838B598BF104BE9
:108FB000104C98BF1D5CA36888BF002513B12046E4
:108FC000FEF746F90C4984F828500C4CA1F130000A
:108FD000FEF71EF8A36813B12046FEF739F90849D9
:108FE00084F82850A1F13000BDE83840FEF710B8F1
:108FF000E6D6000084070020B4070020E007002028
:1090000010080020FFFFFFFF2DE9F04D3C4B93F8C7
:109010002830192B2DED028B6BD057D8012B62D045
:10902000022B63D0374CD4ED007AF5EE407AF1EEA6
:1090300010FA48D10020FFF7B7FF052000F030FB01
:109040000FF2B40BDBE900AB9FED2F8ADFF8C08095
:109050000A251420FFF78AFF07EE900AF8EEE77A58
:1090600067EE887A17EE900A03F042FC52465B46A0
:1090700003F096FCD8F800300646012098400F46D1
:1090800003F024FC02460B463046394603F0B2FD9D
:10909000064620680F4603F02BFC02460B4630467E
:1090A000394603F0C7FA03F08DFE013D07EE900A42
:1090B0002060CED1F2EE046A87EEA67A052084ED18
:1090C000007AFFF771FF94ED000A08E01D2B04D031
:1090D0001F2BA7D1B0EE040A01E0B0EE000ABDECF0
:1090E000028BBDE8F08D9FED090AF8E79FED060AB7
:1090F000F5E7B7EE080AF2E7295C8FC2F5A8204031
:10910000840700203C0800203D0AB73F0000C07FD4
:109110000000002030B5094B53F8144B00218C425D
:1091200007D053F8042F92F82450A84202D00131FE
:10913000F5E7002202F1080030BD00BF4008002022
:1091400038B50E4C0E4D0F48002322461946FFF746
:10915000CDFE002301210C48FFF7C8FE284600245D
:10916000214640F8044B142204F05DF850222146B9
:1091700005F1180004F057F838BD00BFB98D0000A4
:109180004008002084070020E007002008B50448BC
:10919000FFF7E3FE0348BDE80840FFF7DEBE00BF6F
:1091A000E00700208407002010B5029C401AE41A52
:1091B0006043521A90FBF2F0184410BD2DE9F04FB5
:1091C000027D012A85B005460F4640F097800021B8
:1091D0004FF0FF3B04460B465E4694F804C048B28D
:1091E000BCF1000F7CD194F805C0BCF1000F77D121
:1091F000B6F1FF3F1BBF01335BB201233046934200
:1092000001DD1A4683460131082904F1020465D1C3
:10921000002402EB0B03A1460293CB4502DC029B28
:109220004B4560DC6E7995F804A04FEA26180AF0E9
:109230000F035FFA88F25FEA2A1A019206F00F061E
:1092400077D05FFA8AF1BAF1090FCABF57313031CE
:1092500049B23846039300F0D3F8039B0444092B2A
:109260008ABF03F1570103F1300149B23846039335
:1092700000F0C6F80444BAF1000F04D1039B13B9FF
:10928000B8F1000F0DD0019BB8F1090FD4BF03F165
:10929000300803F157084FFA88F1384600F0B0F86B
:1092A0000444092E8ABF573606F1300171B23846A0
:1092B00000F0A6F8B9F1070F044404D03A2138466B
:1092C00000F09EF8044409F10109B9F1080F05F115
:1092D0000205A2D1204605B0BDE8F08F06467CE726
:1092E0004FF0FF308FE7CB45EDD1BBF1000FE5D15B
:1092F0003A21384600F084F80444DFE700F1100614
:1093000000F11309002416F8011B0A22384600F068
:10931000B6F82E218046384600F072F8B145404438
:109320000444F0D10A22E97C384600F0A8F804444D
:10933000D0E7002B93D1A3E710B5054B036004469B
:10934000017510220021043003F06DFF204610BD8E
:10935000F4D60000F8B50F461D460021084B036007
:109360000446164601751022043003F05CFF9DF898
:10937000183027746674A574E3742046F8BD00BFE6
:10938000F4D6000007B501210648FFF7D5FF0023FA
:1093900000931A4619460448FFF7DCFF03B05DF856
:1093A00004FB00BFA8080020C00800202DE9F04100
:1093B00006460D4601EB02080C464445A4EB0507A2
:1093C00007D0336814F8011B1B6830469847002803
:1093D000F3D13846BDE8F08170B50368044608460D
:1093E0000D465E6804F024F82946024633462046BE
:1093F000BDE87040184709B1FFF7EEBF0846704757
:109400000368C9B21B6818470149FFF7E5BF00BFF1
:10941000F8D6000038B50546FFF7EDFF04462846AC
:10942000FFF7F2FF204438BD70B58AB00E460AA996
:10943000002301F8043D012A98BF0A22B6FBF2F589
:1094400002FB1564E3B264B2092CD4BF3033373366
:109450005BB22E4601F8013D002DEFD1FFF7CBFFA7
:109460000AB070BD10B42AB903685DF8044B1B68DC
:10947000C9B21847D2B25DF8044BFFF7D5BFFFF76A
:10948000F1BFFFFF0F4B10494AF20252A3F8FE232F
:109490000E4A11604FF42542A3F8FE2303F5E4239E
:1094A0001A886FF304121A80BFF34F8F0849094BD3
:1094B000CA6802F4E0621343CB60BFF34F8F00BF72
:1094C000FDE700BF00E001403581730700E5014082
:1094D00000ED00E00400FA0573B50025044680F8AD
:1094E00030500D2268460E4603F002F8BDF80030F9
:1094F0006363C3F3841203F4F043B3F5006F84F89D
:1095000038602574E5746574A574657522750CD092
:1095100004F11003A361064BE361064B2362064B83
:109520006362064BA362064BE362204602B070BD45
:10953000A9670000A1680000316800003D680000D4
:109540006D6800000E210148FFF7C6BFD808002053
:10955000042911D8DFE801F0030C0A030E000022F1
:10956000064B33F830100020FCF70EB91022F7E755
:109570000422F5E78422F3E7704700BF8CD5000092
:10958000044B0A1C18BF012233F830100020FCF7EE
:1095900095B800BF8CD5000007B5084B0DF1070248
:1095A00033F830100020FCF77BF89DF807000030FE
:1095B00018BF012003B05DF804FB00BF8CD500008C
:1095C000EFF31080012383F31088064B196819B953
:1095D000054AD1704021D1701A6801321A6080F3B7
:1095E000108870474C010020000D04407047704700
:1095F00000207047194A002310B5938072B61849AD
:10960000184A19480A601958D1500433402BFAD12E
:10961000164C002302F140011859C8500433802B26
:10962000FAD1134B9A60BFF34F8F62B6FFF7C8FFB2
:10963000FAF7A8FDFFF7E8FC02F014FF4FF4E13160
:109640000C4802F020FC00F03DF8FFF7D0FFFAF7DD
:1096500079FDFFF7CBFFFAF753FDFCE7000D004063
:1096600014090020007F002000400000404000005E
:1096700000ED00E0B80D002008B5FFF7BBFFFFFFCD
:109680000A4601460148FCF77FB800BF780E00206B
:10969000024A136801331360704700BF500900206D
:1096A0000121FDF705BF704770B5054C25680646DA
:1096B00023685B1BB34202D2FFF7F5FFF8E770BDEA
:1096C0005009002030B5164B164C196A164B87B05E
:1096D000012203930323CDE901230025134B0495B5
:1096E0001B68C1F302608340C1F30221CB402046D6
:1096F0004FF4FA51B3FBF1F3294600932B46FEF7E2
:1097000073F82A4608212046FEF7BAF92046FEF7EC
:1097100021F9204607B0BDE83040FEF742B900BF4E
:1097200000E001401809002091960000DC010020B3
:109730000148FEF74DB800BF180900200148FEF7A8
:1097400083B900BF1809002070B500F11005044668
:10975000284600F01DFE3F2815D9E178002001F0D1
:10976000A3F880B1284600F013FE3F28E17807D91E
:1097700004F50A7240230020BDE8704001F0B0B843
:10978000002001F09FF8002070BDFFFF10B50446D7
:1097900000F04EFF08B9002010BD00F051FF002876
:1097A000F9D1044B4FF42A7202FB0434207900F003
:1097B0000100F1E75409002008B5044A4FF42A7368
:1097C00003FB0020103000F0BBFD08BD5409002051
:1097D00070B54FF42A730A4C58434FF6FE764FF695
:1097E000FF732518B24288BF1A46103092B2204447
:1097F00000F0EFFD04462846FFF7A6FF204670BDA7
:1098000054090020034A4FF42A7303FB0020103050
:1098100000F0F2BD540900202DE9F041054600F0AA
:1098200007FF10B90020BDE8F08100F009FF0746EE
:109830000028F7D14FF42A746C43174D04F11C062D
:109840002E44304600F07CFD0028EBD005EB0408E8
:10985000384698F8021001F027F80028E2D004F505
:109860001A74254429464022304600F0B2FD98F88B
:109870000210044658B103462A46384601F030F833
:1098800038B9064B1B68DB07CCD500BECBE701F02F
:1098900019F82046C7E700BF54090020F0ED00E0AA
:1098A0000E4B70B54FF42A7404FB003405464FF696
:1098B000FF734FF6FE70824288BF1A461C3492B284
:1098C000204600F0C0FD0646204600F039FD3F2846
:1098D00002D92846FFF7A0FF304670BD540900208A
:1098E00008B5044A4FF42A7303FB00201C3000F033
:1098F0004FFD08BD5409002013B5134C4FF42A72D4
:109900000021204603F08FFCFF2363714FF4E13305
:10991000A36008220023A381A273009304F128010D
:1099200001234FF4807204F1100000F0F2FC0123D7
:1099300000934FF4807204F5947104F11C0000F060
:10994000E8FC02B010BD00BF5409002010B50A4C5D
:1099500000210522204603F066FC04F110001C34AF
:1099600000F077FD204600F074FD20460121BDE89F
:10997000104000F073BD00BF54090020F7B54B79CB
:10998000022B074603D00024204603B0F0BD8B799C
:10999000022BF8D11F4EB3787BBB8B7833700D78D8
:1099A00009240D4403E02B781C44A4B21D446B78B9
:1099B000242B1BD19442F6D96B78042B12D16B79EE
:1099C0000A2B0FD1144B2E780193013300930223FD
:1099D0001A46A919384600F033FF70B10E3416FA52
:1099E00084F4A4B20B48FFF7AFFECDE7052BE3D11B
:1099F0002946384600F000FF28B9084B1B68DB07F2
:109A0000C1D500BEBFE7AB7873702B781C44A4B2FD
:109A10001D44D1E75409002056090020F0ED00E074
:109A200038B50B461146127802F06002202A47D161
:109A3000244A8C881578A54242D14C78203C032CCE
:109A40003ED8DFE804F002141731012B05D10723BB
:109A50001D4A01F0DBFA012038BD032BFBD11B4B63
:109A6000002BF8D01849002002F000FBF3E7012B8F
:109A7000F1D1ECE7012B02D101F0B0FAEBE7032BB7
:109A8000E9D14C881471E14301F00101104800F064
:109A9000E5FC104B002BDED0C4F3400204F00101C2
:109AA000002002F0CFFAD6E7012BE5D0032BD2D16C
:109AB000094B002BCFD049880020AFF30080CAE7C4
:109AC0000020C9E7540900205C0900206DC0000097
:109AD0007009002045C00000000000002DE9F0479B
:109AE0001C46374BDA788A4280460F461D4607D01F
:109AF0009B788B4259D1AB78BB4234D001245BE0D8
:109B000003F50A7103F11000A2B200F09CFC2D4B8A
:109B10002BB92D4BFBB92A48FFF716FEEBE795F959
:109B200005300133F5D005F2272606EB0409A6F22D
:109B3000172A4E45EDD095F9052016F8013F9A42B7
:109B4000F7D1504600F00CFC0028F2D195F9051031
:109B5000AFF30080EDE71D4800F002FC0028DAD1E9
:109B6000AFF30080D7E71A4B13B10020AFF30080AA
:109B70000020FFF751FE0028C0D1164800F0E0FB9E
:109B80000028BBD1002CB9D014F03F06B6D1A9787B
:109B9000404600F089FE04460028AFD033463246E6
:109BA000A978404600F09CFE06E00B4B1C6814F0C0
:109BB000010401D000BE00242046BDE8F08700BFAC
:109BC000540900200000000000000000640900208B
:109BD0000000000070090020F0ED00E070477047C1
:109BE0008B79012B0AD1CB79012B07D10B78CA18BD
:109BF0005278212A04D1C85C093070470020704790
:109C000009207047012973B5064614462AD11378F6
:109C100003F01F05012D11D113F0600308D1527814
:109C20000B2A0BD1214601F0D9F9284602B070BDAC
:109C3000202B03D153781BB1032B07D00025F4E769
:109C4000114601F0CBF902F0C7F9EEE70622002138
:109C5000684603F0E8FA06236A462146304601F0DA
:109C6000D5F9E2E70125E0E78C220021014803F065
:109C7000DABA00BFFC0B00200020FFF7F5BFFFFFA2
:109C80002DE9F7430E4607467379032B114604D09E
:109C90000024204603B0BDE8F0833279C2EBC20451
:109CA0001234A4B28C4205D9234B1B68DA07EFD5D6
:109CB00000BEEDE7214D95F801E0A846BEF1000F8A
:109CC000F2D196F800C006EB0C0191F80190B9F1C1
:109CD000210FE9D1C5F8881016F80CC005F1010E66
:109CE0000235CDF804E00095614400F0A9FD00289C
:109CF000DAD0B37998F80210012B04BFF37988F811
:109D00000330012388F80430B37888F80030D8F89D
:109D10008830B3F80730A8F806300029B9D04023BE
:109D2000074A384600F0DCFD0028B2D1024B1B6820
:109D3000DB07AED500BEACE7F0ED00E0FC0B002089
:109D4000440C002013782DE9F341154603F01F025F
:109D5000012A06460C4601D000246DE0DFF8C081E0
:109D6000AA8898F80010D2B291424746F4D113F075
:109D700060031FD0202BEFD16B78013B0A2BEBD86F
:109D800001A252F823F000BFFB9D0000C39E00001B
:109D9000CF9E0000599D0000599D0000599D000074
:109DA000599D0000599D0000559E00009F9E000097
:109DB000DB9E0000012C01D001243DE06A78062AD8
:109DC000CAD16A88120A212A0AD1D8F88820002A22
:109DD000C2D01378294602B0BDE8F04101F016B9AF
:109DE000222AB9D1184602F0A5F9B8F80630024681
:109DF0002946304601F00AF91EE0012CDCD1EB883F
:109E00006988402B4FEA1122184628BF402011F0E4
:109E1000FF0115D0012B13D90138384B397280B2AC
:109E20000090002002F060FB0444A4B25CB9344B03
:109E30001B68DB0790D500BE204602B0BDE8F0816C
:109E40000024304BECE723462E4A2946304601F0E9
:109E5000DDF8B1E7012C05D1EB88402B3FF67CAF54
:109E6000294AC5E7032CA7D1EB886988402B4FEA24
:109E70001122184628BF402011F0FF010DD0012B00
:109E80000BD997F848308B4207D101381F4B80B26D
:109E90000090002002F02AFB8EE71B4BF8E7012C14
:109EA0008AD169881A4B090A79712BB10020AFF366
:109EB000008000283FF450AF2946304601F08EF86C
:109EC0007AE7012C7FF478AF2346124A90E7012C01
:109ED0007FF472AF2346104A8AE7012CECD0032CA2
:109EE0007FF46AAF69880D4BC9B23971002B3FF41A
:109EF00063AF0020AFF300805EE700BF050C0020D9
:109F0000F0ED00E0040C0020440C0020450C002083
:109F100000000000010C0020000C002000000000E8
:109F2000FC0B002037B51A4CA2788A4205466078AF
:109F300013D088420AD1174A12B9012003B030BDAC
:109F40009AB215490020AFF30080F6E7134B1B6867
:109F5000DB0700D500BE0020F0E79042EBD00022E6
:109F60009BB211461046009304F1480302F0BEFA7A
:109F7000402304F14802A178284600F0B1FC0028F3
:109F8000DBD1064B1B68DA07E5D500BED6E700BF7C
:109F9000FC0B002000000000040C0020F0ED00E0AD
:109FA0000A4492B291424FEA400001D8824201DB5A
:109FB000121A92B21046704738B50D46D41A8188ED
:109FC000A4B29A423CBF04EB4104A4B2BCB1A1428A
:109FD00005D2914294BF531A8B189BB24381994288
:109FE0000AD9C2880168C2F30E0202FB0311284697
:109FF00003F00EF9012038BD5B1A9BB2EFE7204653
:10A00000F9E7F7B50446900803460D464FF6FF768C
:10A01000013B9BB2B3420ED112F0030201EB80016F
:10A0200007D002A8002340F8043D03F0F1F8019B9B
:10A03000236003B0F0BD55F8047B2760E8E72DE905
:10A04000F3470F46BDF8281084885E1AB6B28B42DB
:10A050003CBF06EB4406B6B280466EB3B44206D2AD
:10A060009C4294BF191BE11889B241812646964251
:10A0700028BF16468C4223D9B8F80630D8F80050CD
:10A08000C3F30E03641A9AB2A4B202FB01559DF801
:10A090002C10A6EB040914FB03FA19FB03F90129A0
:10A0A0001FFA8AFA1FFA89F918D0A6420BD8724310
:10A0B0002946384603F0ACF8304602B0BDE8F087D8
:10A0C000091B89B2D6E752462946384603F0A0F864
:10A0D0004A46D8F8001007EB0A00EBE7A64207D87B
:10A0E00016FB03F292B229463846FFF78AFFE3E7F0
:10A0F0002AF00304A4B2224629463846FFF781FF1E
:10A100001AF0030A28D0CAF104039BB24B4505EBB1
:10A11000040102AC28BF4B460020A9EB030944F818
:10A12000040D1FFA89F90A5C0255421C92450CD1B4
:10A13000D8F8001020440B44994208D1019B3B60A1
:10A14000B9F1000FB8D04A46CEE71046EBE711F858
:10A15000012B00F8012FEFE7D8F80010F0E7F7B572
:10A160009408234605464FF6FF76013B9BB2B34267
:10A170000CD112F0030200EB840005D00B6802A999
:10A1800041F8043D03F044F803B0F0BD0F6845F812
:10A19000047BEAE72DE9F74F1446C2790589B0F848
:10A1A00004800F4641899B46D3090646ADB289B269
:10A1B00015D18D4236BFC1EB4801691A491989B2E0
:10A1C000414536BFA8EB0101002189B28C4228BF6E
:10A1D0000C46002C50D1204603B0BDE8F08F44451A
:10A1E0000CD3BBF1000F06D1C288A4EB0804C2F364
:10A1F0000E0202FB04770D464446EAE78D424FEA21
:10A20000480036BF421A6A1A521992B22244824258
:10A21000DFDBA8EB040292B24046FFF7C1FE054621
:10A22000D7E7ACEB080C1FFA8CFCC445F9D2A8EBBD
:10A230000C01F088336889B2C0F30E00A4EB010969
:10A2400082B211FB00FA19FB00F9BBF1010F1FFAF2
:10A250008AFA1FFA89F902FB0C3819D08C420DD802
:10A2600062433946404602F0D3FF22462946B08871
:10A27000FFF796FE3081AEE7AC46D6E75246394648
:10A28000404602F0C5FF4A4607EB0A013068EAE79C
:10A290008C4207D814FB00F292B239464046FFF7D1
:10A2A0005EFFE2E72AF0030B1FFA8BFB5A463946A2
:10A2B0004046FFF754FF1AF0030A28D0CAF1040001
:10A2C00080B2484502AB28BF48463A6843F8042D9F
:10A2D000A9EB0009D8441FFA89F90021CA5C08F8E3
:10A2E000012001318A45F9D19A4433680AEB000113
:10A2F0005A1E514506D11844B9F1000FB5D04A464F
:10A300003946CCE71AF801CB02F801CFF1E7306803
:10A31000F2E7B2F5004F11D88280C288016063F382
:10A320000E029DF80030C280C2F3072263F3C71209
:10A3300000234381C27103810120704700207047D0
:10A340000389428981889BB292B2934236BFC2EBA5
:10A3500041029B1A9B1898B2884228BF0846704752
:10A36000028943899BB29B1A58425841704703891E
:10A370004289818892B29BB2934236BFC2EB4102BE
:10A380009B1A9B189BB299428CBF002001207047FA
:10A390008288038940899BB280B2834236BFC0EB7A
:10A3A0004200181AC01880B2824286BF101A80B2CA
:10A3B0000020704710B5028943890446FFF7FCFD71
:10A3C0006189034682B2A088FFF7EAFD60811846E2
:10A3D00010BD73B5038945890026CDE900560446B2
:10A3E000FFF72DFE618903460246A088FFF7D8FDDE
:10A3F0006081184602B070BD02894389FFF7DCBD59
:10A4000070B5058904460E46ADB2FFF7B0FF10B136
:10A41000E079C00913D0A2882B469A4210D9E2886D
:10A420002068C2F30E0202FB0300314602F0F0FE88
:10A4300001222946A088FFF7B3FD2081012070BDCD
:10A440009B1A9BB2E9E712B10023FFF7A3BE1046A7
:10A45000704700234381038101207047C37961F372
:10A46000C713C3710120704708B5034600890A4627
:10A4700001469888FFF794FD188108BD08B503468A
:10A4800040890A4601469888FFF78AFD588108BD31
:10A4900070B5058943898488ADB29BB29D4236BFB1
:10A4A000C3EB4402EA1A521992B2944206D2AC4269
:10A4B00094BF2B1B63199BB2438122462AB9C1E981
:10A4C00000228A6070BD2D1BADB2AC42FBD99C420C
:10A4D0000AD90068AB4200EB03064E6007D20023A6
:10A4E0000A804B808B60EDE71B1B9BB2EFE7E31A02
:10A4F0009BB2D21A0B804A808860E3E770B502896C
:10A500004489858892B2A4B2A24236BFC4EB450307
:10A51000131B9B189BB29D4202D9EB1A9BB233B915
:10A520000023C1E900338B6070BD521B92B295428B
:10A53000FBD9A5420AD90068944200EB02064E609E
:10A5400007D9A21A00230A804B80ECE7641BA4B24F
:10A55000EFE7AA1A92B29B1A0A804B808860E3E761
:10A560000A4B1B78834206D9094B1B6800EB40005D
:10A5700003EBC00070479A1C8242A1BFC01A054B72
:10A58000182202FB0030B8BF002070478C0C00205E
:10A59000880C0020FCD6000070B5134D0646002440
:10A5A0002B78E0B20233834210DA3B2200210F48BD
:10A5B00002F039FE1022FF210D4802F034FE142271
:10A5C000FF210C48BDE8704002F02DBEFFF7C8FF28
:10A5D000013428B9084B1B68DB0700D500BE70BDED
:10A5E000436830469847DBE78C0C00208D0C002038
:10A5F000900C0020A00C0020F0ED00E070B50C469F
:10A6000005461646086800F041FD23683246284694
:10A610000121BDE870401847044B1B7810B1184663
:10A6200000F062BF184600F075BF00BF14000020A4
:10A63000024B5878003018BF012070478D0C002065
:10A64000024B1878C0F38000704700BF8D0C0020CB
:10A65000024B1878FF3818BF012070471400002003
:10A66000F8B51B4E3278FF2A05461FD1194C1A48FF
:10A670003B22002102F0D7FD201DFFF7EAFE174B19
:10A680001C60174B23B11748AFF30080164B1860BE
:10A69000144F00243B78E0B20233834208DA2846A4
:10A6A000357000F05DFF284600F01EFF012009E034
:10A6B000FFF756FF013430B90C4B1B6813F0010350
:10A6C00004D000BEF8BD03689847E3E71846F9E7F1
:10A6D00014000020040000208D0C0020C80C002075
:10A6E000000000008C0C0020880C0020F0ED00E041
:10A6F000F0B54378023B85B005460C46032B12D8D3
:10A70000DFE803F0026F242C374B1A786FF3000256
:10A710001A701A7800216FF341021A7059701A7872
:10A7200061F382021A70314B1E6814B933682046F7
:10A7300098472946301DFFF763FE054614B9336874
:10A7400001209847002D46D005B0F0BD264B1A7861
:10A75000D607F9D51A7842F00402E3E7224A1378C3
:10A76000D807F1D513786FF382031370DBE7FFF797
:10A77000F7FE20B1436913B169682878984701361C
:10A780003B78F0B202338342F1DA174A1378590763
:10A79000DAD513786FF3820313700023CDF80630F7
:10A7A000CDF80A30ADF80E302B788DF80430052343
:10A7B0008DF805300D4B1D6814B92B68204698475D
:10A7C00001A9281DFFF71CFE064614B92B680120BD
:10A7D0009847002EB8D1064B1B68DB07B4D500BEE6
:10A7E000B2E70026034FCBE78D0C0020C80C0020F9
:10A7F000F0ED00E08C0C002038B58B7803F07F037F
:10A80000092B0C4606D90B4B1B68DB0700D500BE95
:10A81000002038BD084B1D78084B2046997801F080
:10A82000EDFA0028EFD021462846BDE8384000F078
:10A83000E5BE00BFF0ED00E0140000208D0C00200C
:10A840002DE9F047DDE9085680460C4691469A46C8
:10A850000027B94501DC01200CE06378052B04D109
:10A86000E17801F00301514508D00E4B1B68DA076F
:10A8700002D40020BDE8F08700BEFAE7214640463A
:10A88000FFF7BAFF28B9074B1B68DB07F1D500BEFD
:10A89000F0E7A178CB0914BF317029702378013714
:10A8A0001C44D6E7F0ED00E0CB0901F07F00273330
:10A8B00003EB400302480021184401F077BA00BFBF
:10A8C0008D0C0020CB0901F07F00273303EB400300
:10A8D00002480021184401F080BA00BF8D0C00200E
:10A8E00038B5154C01F07F0504EB450404EBD11499
:10A8F0002034E079C00707D5104B1B68DA0701D474
:10A90000002038BD00BEFBE7E5790D4845F00105A4
:10A910000078E57100F058FF0028F2D1E37960F388
:10A920000003E371E37960F38203E371034B1B6877
:10A93000DB07E5D500BEE4E78D0C0020F0ED00E07C
:10A940001400002010B50C4C01F07F0204EB42040F
:10A9500004EBD1142034E3799B070BD4074B187810
:10A9600000F056FFE37943F00203E371E37943F02B
:10A970000103E37110BD00BF8D0C00201400002006
:10A9800010B50C4C01F07F0204EB420404EBD1142F
:10A990002034E3799B070BD5074B187800F064FF50
:10A9A000E3796FF34103E371E3796FF30003E3713C
:10A9B00010BD00BF8D0C0020140000202DE9F04FC9
:10A9C000BA4B1B78FF2B89B000F09982B84B1D68F9
:10A9D0002C46002054F8043B9847204605A9FFF771
:10A9E000E9FC2B68044601209847002C00F0878280
:10A9F0009DF81530013B072B00F2AE82DFE813F023
:10AA000008001300AC028A0299021F005802A50236
:10AA10009DF81400FFF7C0FD00F030FBA54B9DF83A
:10AA200018209A70D2E79DF81400FFF7B5FD00F0EA
:10AA300025FBA14B002BC9D0AFF30080C6E79D4C8E
:10AA40009DF81450237843F00103237094F82730C5
:10AA50006FF3000384F8273094F827306FF38203F4
:10AA600084F8273094F828306FF3000384F82830F6
:10AA700094F828306FF3820384F82830002000F027
:10AA800005FB9DF8187007F06008B8F1600F0FD152
:10AA90008A4B1B68DC0700D500BE9DF8140000211E
:10AAA00000F0B6FE80219DF8140000F0B1FE8DE7A5
:10AAB000B8F1400F0DD182480028EED000F0E6FA40
:10AAC00006AA01212846AFF3008000287FF47EAF5C
:10AAD000E3E707F01F07012F00F0938119D3022F3E
:10AAE000D6D19DF81C1001F07F06092ED0D804EBBA
:10AAF000460606EBD116F07CFFF732FD8146B8F131
:10AB0000000F00F0AA810028C7D006AA00F10C01AE
:10AB10000FE0B8F1200F10D19DF81C300F2BBCD8DE
:10AB20001C44E078FFF71CFD0028B6D006AA00F10F
:10AB30000C012846FFF762FDC7E7B8F1000FA7D167
:10AB40009DF81930092BA3D801A252F823F000BFB9
:10AB5000EBAD0000D9AD000091AA0000C5AD00002A
:10AB600091AA000079AB000005AD000091AA000099
:10AB700093AB0000A7AB000006A800F08DFA9DF88B
:10AB80001A10284600F0E0FC237843F002032370FB
:10AB90001CE708AA637802F80E3D012306A928469F
:10ABA00000F034FA12E79DF81A906378994531D095
:10ABB00063783BB1284600F0EDFDA6782846FFF704
:10ABC000EBFCA670B9F1000F00F0968009F1FF30A0
:10ABD000C0B201F0BDFA10B14378022B06D0374B5A
:10ABE0001B68DF077FF554AF00BE51E7C2792378B9
:10ABF000511161F30413921162F3451323704388DA
:10AC0000C31800F109060293029BB34209D82D4BE9
:10AC1000002B6ED184F8019006A9284600F0DEF9D9
:10AC2000D4E673780B2B03BF337896F80380F618BD
:10AC30004FF001087378042BD1D1029B9B1B9BB270
:10AC4000039300230193204B9DF804701B7802337B
:10AC5000BB4225DB3846FFF783FC83460028BED085
:10AC60008368039A314628469847082882463DD98A
:10AC7000039B83423AD3B8F1010F06D1DBF80820D9
:10AC8000124B9A4208BF4FF002080022D3B243454C
:10AC900020D331463B4652460D4801F0DFF856447A
:10ACA000094B1B7802339F42AEDD98E71400002069
:10ACB000C80C00208D0C002000000000F0ED00E02A
:10ACC00000000000000000008C0C00207D990000B6
:10ACD000A00C0020B1780B44A34951FA83F3013250
:10ACE000D978FF297FF47BAFDF70CFE7019B013379
:10ACF000A8E7AFF300808DE79C4B002B8AD0AFF321
:10AD0000008087E7BDF81A00030A5A1EC0B20E2A57
:10AD10003FF6C3AE01A151F822F000BF59AD0000CB
:10AD200083AD0000A3AD00009BAA00009BAA000019
:10AD3000B7AD000083AD00009BAA00009BAA0000F5
:10AD40009BAA00009BAA00009BAA00009BAA0000EF
:10AD50009BAA000063AD000001F0E4F91223024653
:10AD60000AE0834B002B3FF498AEAFF3008002461D
:10AD700000283FF48DAE438806A9284600F046F926
:10AD8000A3E6022B06D101F0E3F900283FF480AEE0
:10AD90004388E4E7774B002B3FF47FAEAFF30080AE
:10ADA000F3E7BDF81C1001F011FB024600283FF448
:10ADB00074AE0378E0E7704B002B3FF46EAEAFF358
:10ADC0000080F2E7BDF81A30012B7FF466AE2378DD
:10ADD00043F0080323701FE7BDF81A30012B7FF4FE
:10ADE0005CAE23786FF3C303F4E72378C3F3401218
:10ADF0009B0803F00203134308AA22F80E3D022326
:10AE0000CCE69DF81C300F2B3FF647AE1C44E07893
:10AE1000FFF7A6FB00283FF440AE00F10C0106AAA4
:10AE20002846FFF7EBFB00287FF4D0AD9DF81830E3
:10AE300013F060047FF431AE9DF819300A3B012B0A
:10AE40003FF62BAE00F022F99DF819300A2B7FF463
:10AE5000E3AE08AA02F80E4D9FE69DF81930012BCB
:10AE600003D01DD3032B7FF413AEBDF81A2022B9F3
:10AE7000012B284619D1FFF783FDB9F1000F3FF4EC
:10AE8000A5AD06AA09F10C012846FFF7B7FB002083
:10AE900000F0FCF894F82830DE073FF597ADBBE6EC
:10AEA00096F82730C3F34003A6E7FFF74BFDE4E72E
:10AEB0009DF818102C4B01F07F0403EB440303EBC7
:10AEC000D11393F827006FF3000083F8270093F85D
:10AED00027006FF3820083F827003CB9079B9DF899
:10AEE00019209DF8140000F0E3F86FE5D87CFFF717
:10AEF00037FB38B9214B1B68D80700D500BE09B015
:10AF0000BDE8F08F0469079B9DF819209DF8140097
:10AF1000A0475BE5144B1A78D1077FF557AD184A67
:10AF2000002A3FF453AD1878C0F3C000AFF300809F
:10AF30004CE50D4B1B78DA077FF548AD114B002B24
:10AF40003FF444ADAFF3008040E5069B002B3FF497
:10AF50003DAD0798984739E5084B1B68DB077FF53F
:10AF600035AD00BE32E500BF8D0C002000000000B2
:10AF7000000000000000000000000000F0ED00E014
:10AF80000000000000000000124B9989DA8970B5BA
:10AF90008C1AA4B2054693F90000402C28BF402427
:10AFA000002809DA914212D099680B48224602F033
:10AFB0002FF98021084A04E091424FF00001F9D1B5
:10AFC000002223462846BDE87040FFF789BC802157
:10AFD000F6E700BFCC0C0020E00C002030B40A4C97
:10AFE00005460A4608684968234603C30023C4E9A6
:10AFF000023392F900209A4228461A46ACBF8021BB
:10B00000194630BCFFF76CBCCC0C0020F8B5194DCC
:10B010000C46074608684968AA602E4603C6002108
:10B02000E981E1888B4228BF0B46AB8179B143B1FE
:10B030003AB9114B1B68DA0701D40020F8BD00BEF5
:10B04000FBE73846FFF7A0FF68B10120F6E794F967
:10B050000030002B0A460B463846ACBF8021002149
:10B06000FFF73EFCF0E7044B1B68DB07E5D500BEAD
:10B07000E4E700BFCC0C0020F0ED00E0142200213A
:10B08000014802F0D0B800BFCC0C0020014B186181
:10B09000704700BFCC0C00200146044A0068496894
:10B0A000134603C30023C2E902337047CC0C0020CF
:10B0B00070B52F4C1E462378C909B1EBD31F054646
:10B0C00016D03EB12B4B1B68DA0701D4002070BDAF
:10B0D00000BEFBE7284B13B12146AFF30080236984
:10B0E0000BB90120F3E7224A032128469847F8E7E5
:10B0F00094F90030002B06DBA0680028E6D0324629
:10B100001E4902F085F8A368E28933443244A36003
:10B11000E38892B29342E28101D03F2E24D8236982
:10B120009BB994F90030002B4FF000031A46ACBFD6
:10B13000802119462846FFF7D3FB0028D1D10D4BBB
:10B140001B68DB07C2D500BEC1E70221084A2846BA
:10B15000984701460028E4D1284600F059FB802199
:10B16000284600F055FBBCE72846FFF70DFFE4E753
:10B17000CC0C0020F0ED00E000000000E00C00200E
:10B1800030B503468518EC1A012C09D854086FF025
:10B19000010303FB042212B110F814300B7030BD10
:10B1A00033F8024B0C80EEE7F0B585B00F4601A9ED
:10B1B00015460646FFF76CF9BDF804400298AC420C
:10B1C00028BF2C462D1B22463946ADB2FFF7D8FFCB
:10B1D00055B1BDF8063003989D4228BF1D462A464A
:10B1E000FFF7CEFF2C44A4B221463046FFF746F9C4
:10B1F00005B0F0BD2DE9F843174BDC8881461F46AA
:10B2000034B91C705C709C70DC700120BDE8F88360
:10B21000B0F85E8008F07F084445254628BF4546C3
:10B220004DB11E685B7ADB0700F114012A463046F7
:10B230000DD5FFF7B9FF454538BF4FF40043A4EBE8
:10B24000050438BFA9F82230FC800020DEE72E4438
:10B25000FFF796FF3E60EEE7200D002070B5044634
:10B26000BDF81050FAB14FF484602084208C86061B
:10B27000FCD51748467A858061F300064672C58082
:10B28000EDB10360BAB1B4F86030DB0B03D0B4F8B1
:10B2900054301B060CD40F4B186810F0010001D07D
:10B2A00000BE002070BD0284208C8006FCD4E0E744
:10B2B0002046FFF79FFF0120A4F86000F2E7052376
:10B2C000057045708570C570A4F860300120E9E70D
:10B2D000200D0020F0ED00E02DE9F84F314E0C2359
:10B2E00003FB01630546B3F806800C46B8F1000F76
:10B2F00017D131B101F1370235F812305904FBD4BE
:10B3000004E0294B1B68D80700D500BE0C235C4322
:10B31000321900233355012053709370D370BDE868
:10B32000F88F8BB243F480620285A0F86430B0F8E5
:10B330006CA01FFA8AFA2B8D03F00F039C42FAD1FE
:10B340006B8D9A04FCD5D045474628BF574687B138
:10B350004FF00C0B0BFB04FB06EB0B0305F1180184
:10B3600053F8089B5B78DB073A46484613D5FFF74E
:10B370001BFF57453CBF4FF400436B8500232B85D3
:10B38000288D10F00F00FBD10C2303FB0464A8EB05
:10B390000707E780C3E7B944FFF7F2FE46F80B90D2
:10B3A000E7E700BF200D0020F0ED00E02DE9F843B5
:10B3B000DFF8D4C0BDF82050D7098E4602F07F02D6
:10B3C0000CEB07110A44044692F8781041B92D4B52
:10B3D000186810F0010001D000BE0846BDE8F883EF
:10B3E0000C224A430CEB02064CF8023096F8099006
:10B3F000B5806EF3000986F80990F580BFB11DB1E4
:10B40000FFF76AFF0120E9E78BB20385238D03F084
:10B410000F039942FAD1638D9E04FCD54FF400438B
:10B42000638500232385238D1D07FCD1EAE74B1E8E
:10B43000042BE7D801F1230610EB8603E2D08AB291
:10B4400000EB4101A0F86420B0F86C20B1F86E0068
:10B45000800718BFA1F86E7014F82600002004F8C9
:10B46000260092B25878154401205870013D95FB92
:10B47000F2F55D805A7842F002025A70A1F86E002F
:10B48000ACE700BFF0ED00E0200D00207FB50E46D8
:10B4900001A914460546FFF731F8BDF80410029AD9
:10B4A000A14228BF21460B4613F1FF3313D2641A81
:10B4B000A4B25CB1BDF80620944228BF1446039A9A
:10B4C000234613F1FF330AD2214489B22846FEF7FE
:10B4D000CBFF04B070BD307802F8010BE4E73078A0
:10B4E00002F8010BEDE7FFFF084B03EBC0004268D9
:10B4F00053B2002B08DB012102F01F0201FA02F215
:10B500005B09034941F82320704700BF1800002061
:10B5100000E100E00A4B03EBC000426853B2002B8D
:10B520000DDB01215B0902F01F0201FA02F2203358
:10B53000044941F82320BFF34F8FBFF36F8F70474B
:10B540001800002000E100E07047FFFF034B53F8B4
:10B550003020138843F01003138070471800002038
:10B5600038B51F4C1F4B626853F8303000F10B05A3
:10B570000121A94022EA010262601A8842F4806235
:10B580001A801A885205FCD51A886FF345121A8062
:10B590001A886FF386121A801A8842F001021A8004
:10B5A0000522C3F8F020D3F800246FF30412C3F887
:10B5B0000024B3F85E20402161F30602A3F85E2068
:10B5C0000022A3F840204FF45D421A8601225A87D8
:10B5D000DA86B3F840301B0601D5FFF7B7FF38BD58
:10B5E000FC6F044018000020034B53F830301A88D9
:10B5F0006FF304121A807047180000202DE9F84FED
:10B60000CE78B1F804A006F00306012E8046CAF3F6
:10B610000A0A04D1BAF5807F06D9002060E0022E24
:10B6200004D067D8012E70D13F4B0CE03E4B93F80D
:10B630002C20002A56D093F83820002A54D093F8B2
:10B640004420002A52D01A7D002A51D093F820308D
:10B65000002B5AD102248978344B334A53F838707E
:10B660004FEAD1194FEA09150C2303FB042301F01B
:10B670007F0B2A445A441972404682F87840FFF7FB
:10B6800049FFA3B207EB4402A7F864304FF44073BC
:10B69000A7F86CA0022EA2F86E304FF00003A2F8BB
:10B6A0006E3045EA0B0337D143F485439BB2A7F8CC
:10B6B0006830012303FA04F4A4B284F4FF71594002
:10B6C000A7F84610F98E0C43FC86B9F1000F01D1A2
:10B6D000022E01D0A2F86E304046FFF705FF012090
:10B6E000BDE8F88F0324B6E70424B4E70524B2E7E5
:10B6F0000124B0E70C4B06240C2202FB0430007A34
:10B700000028A8D001340A2CF7D1094B186810F092
:10B710000100E5D000BE80E7032E0CBF43F40043D8
:10B7200043F44243C2E700BF200D00201800002070
:10B73000F0ED00E0154B70B553F83050144BE88E27
:10B7400001F07F06C90909015A183244012492F810
:10B750007820944020EA0400E8869AB102F1370488
:10B7600005EB44040020208094B2A5F864400C242A
:10B7700004FB02320B443344A5F8680083F87800D8
:10B78000107270BD05F16004ECE700BF18000020E6
:10B79000200D0020F8B50546FFF7BCFE094E0A242F
:10B7A0000C27013C04D12846BDE8F840FFF79CBEB9
:10B7B00007FB0463197A0029F3D02846FFF7BAFF84
:10B7C000EFE700BF200D00202DE9F34198460F4B15
:10B7D0000C46174653F830600546FFF79BFE14F001
:10B7E0007F01CDF800803B4622460AD13046FFF764
:10B7F00035FD04462846FFF777FE204602B0BDE837
:10B80000F08100213046FFF7D1FDF2E7180000205B
:10B8100038B5134B11F07F02054653F830401BD06A
:10B82000CB09104901EB0311114491F878309BB119
:10B83000373304EB43048CB12846FFF76BFE2388B3
:10B8400003F0030343F002032380022323802846EE
:10B85000BDE83840FFF748BE6034ECE738BD00BFB4
:10B8600018000020200D00201A4B2DE9F04111F0A6
:10B870007F0807460E4653F8305016D0164ACB09BB
:10B8800002EB0313434493F8784074B1373405EB6B
:10B890004404ECB13846FFF73DFE4FF4807323803B
:10B8A000F30905D0012323800DE005F16004F0E7E2
:10B8B000094B434493F87830A5F86430B5F8683004
:10B8C0009B0B012BEED13846BDE8F041FFF70CBED3
:10B8D000BDE8F08118000020200D0020C14A2DE9AC
:10B8E000F04F52F83040B4F84070BFB2FB4363F4FD
:10B8F00078439BB217F4004F8BB00546A4F8403054
:10B90000904606D0B4F840301E0640F1AB80FFF7F9
:10B910001DFE780413D500260523012107A88DF804
:10B920001D30CDF81E60CDF82260ADF826608DF890
:10B930001C50FEF7DDFE238E66F34D332386B904DB
:10B9400016D5238E9A0413D500260323012107A8B8
:10B950008DF81D30CDF81E60CDF82260ADF8266060
:10B960008DF81C50FEF7C4FE238E66F34D332386FC
:10B97000FB040AD507F07003402B7CD075D8102B40
:10B9800000F08E80202B00F0F280380534D5F907C6
:10B9900040F10F8158F83530B3F8402012072BD50D
:10B9A0004FF480425A84B3F85420ADF81420B3F811
:10B9B0005620ADF81620B3F85820ADF81820B3F88B
:10B9C0005A20ADF81A204FF6F772A3F84020002352
:10B9D000CDF81E30CDF82230ADF8263008220623EF
:10B9E00005A908A88DF81C508DF81D3001F010FC39
:10B9F000012107A8FEF77CFE7E051ED5B4F84A306B
:10BA00000026D807A4F84A6017D558F83500FFF784
:10BA1000F1FB90B1744B07229B888DF81D2001210A
:10BA2000802207A8CDF81E60ADF822608DF81C506A
:10BA30008DF820200993FEF75BFEF9050FD5E38E04
:10BA4000B4F84620684E13400093DB439BB2A4F841
:10BA500046304FF00C0B009B002B40F0C9800BB020
:10BA6000BDE8F08FFFF7C0FD53E7602B03D0702BCC
:10BA700001D0502B89D10023CDF81E30CDF82230D3
:10BA8000ADF826300121042307A88DF81D308DF86C
:10BA90001C50FEF72DFE238E43F40053238674E7DB
:10BAA00058F8356001237387F3864FF4804373841D
:10BAB00000233385338D13F00F03FBD1B385B28D93
:10BAC00012F00F02FBD106F1700106F19000012384
:10BAD0004FF4007E4FF4807C1FFA83F90133062B6C
:10BAE000A6F86490A6F86820A1F800E021F8022BDF
:10BAF00020F804CBF0D106F17A0200214FF4007057
:10BB00001FFA83FC01330A2BA6F864C0A6F868105C
:10BB1000108022F8021BF3D198220021324801F054
:10BB200082FB338903F00703022B15D0032B1CD0B3
:10BB3000012B13D100220121CDF81E20CDF82220A7
:10BB4000ADF826208DF81C508DF81D108DF8203092
:10BB500007A8FEF7CDFD18E70023EBE7234B1B6892
:10BB6000DE077FF512AF00BE0FE70223E2E758F8C9
:10BB70003530B3F8503013F07F033FF406AF4FF485
:10BB8000A062ADF816300023ADF814200693CDF86E
:10BB90001E30CDF82230ADF8263005A90623082244
:10BBA00008A88DF81C508DF81D3001F031FB0121E3
:10BBB000CEE717F007037FF41FAF58F83520128C3B
:10BBC000CDF81E3012F0200F14BF80220022072172
:10BBD000ADF822308DF81C508DF81D108DF8202006
:10BBE000099305E718000020200D0020F0ED00E08B
:10BBF000009B58F8354093FAA3F7B7FA87F70BFB89
:10BC000007631A7AD2090ED039462046FFF764FB43
:10BC1000002840F09B80012303FA07F7009B23EAEA
:10BC20000703009317E7002F61D0DB880193BBB2B5
:10BC30002385A4F86430B4F86C309BB2228D02F0F6
:10BC40000F029742FAD1628D9204FCD5628DC2F345
:10BC50000B029A4228BF1A460292DDE901218A426C
:10BC600028BF0A4692460BFB0762D2F80090BAF151
:10BC7000000F0AD0527AD0072AD5524604F1180193
:10BC800048460393FFF702FC039B534584BF4FF4E0
:10BC90008042628500222285228D1107FCD1019904
:10BCA0000BFB0762A1EB0A015345D18003D8DDE904
:10BCB00001239342AFD30BFB07F100237218B9EBBA
:10BCC0000300735418BF012053709370D3709FE723
:10BCD0004946524612F1FF3205D20BFB07F209EB3F
:10BCE0000A01B150D1E7207E01F8010BF2E7B4F868
:10BCF0005EA0628CF388C2F30B020AF07F0A524501
:10BD000028BF52469A42019228BF1A46914652B124
:10BD1000727A3068D20731D54A4604F11401029391
:10BD2000FFF7B4FB029BCA4584BF4FF48042628494
:10BD3000A3EB0902CA45F28003D8019A9A42FFF4A4
:10BD40006AAF002333707370B370F3700BFB07623C
:10BD500007A89388117AD2888DF81C509B1A00226C
:10BD6000CDF81E20ADF822208DF8201007220121E9
:10BD70008DF81D200993FEF7BBFC4CE701464A46AF
:10BD800012F1FF3202D248443060CCE794F814C07C
:10BD900001F801CBF4E700BF024B03EBC0004160A8
:10BDA000704700BF18000020FEF752BC037813F064
:10BDB000010310D10278C2F3800262B9037813F054
:10BDC000010308D10278530705D4037843F0040334
:10BDD000037001207047002070470378C3F380038D
:10BDE0004BB1027812F0010105D1027861F38202B1
:10BDF00002701846704700207047FFFF8388C078A4
:10BE000000F003000228C3F30A0312D01BD8012854
:10BE10000DD1022940F2FF3208BF4FF480629A42EE
:10BE20000DD20D4B186810F0010008D000BE0020A4
:10BE30007047022904D1B3F5007FF2D10120704789
:10BE4000402BEED8FAE702290CBF4FF48062402263
:10BE50009A42E6D3F2E700BFF0ED00E030B50A44C5
:10BE6000914200D330BD4C78052C06D18C7804F07B
:10BE70007F0500EB4505E4092B550C782144EFE7DD
:10BE80000368DB691847037C0BB90123037470470F
:10BE9000704713B502AB026803F8011D54681946D8
:10BEA0000122A04702B010BD007C10B10020FDF7B8
:10BEB00083BC7047007C10B10020FDF711BD7047B6
:10BEC000037C13B10020FDF7A7BC704707B5007CC9
:10BED00038B10DF107010020FDF794FC20B19DF869
:10BEE000070003B05DF804FB4FF0FF30F9E770473F
:10BEF00010B504460020FDF749FC00B9607C10BD78
:10BF0000037C07B513B94FF0FF3012E0FFF7F0FFE5
:10BF10000028F8D00020FDF74FFC0028F3D00122C4
:10BF20000DF107010020FDF753FC0028EBD09DF830
:10BF3000070003B05DF804FB037C2DE9F04188465F
:10BF4000174623B3FFF7D4FF08B30020FEF764FBC6
:10BF50003D460024FDB10020FDF7C2FC30B90120B0
:10BF6000FEF75AFB0020FDF757FCF3E7A842024614
:10BF700008EB040128BF2A460020FDF791FC064685
:10BF80000120FEF749FB1EB13444AD1BEAE7002453
:10BF90002046BDE8F0813C46FAE7FFFF38B5037C58
:10BFA00004460BB9002038BD4FF0FF300021FEF7EA
:10BFB00005FD2046FFF79CFF0028F3D0054D2C78A7
:10BFC000002CF0D00A20FDF76FFB00232B702046D9
:10BFD000E9E700BF2000002030B5164B16494AF2B1
:10BFE0000252A3F8FE23154A8BB011604FF425428C
:10BFF000A3F8FE2306238DF81430052301248DF8C1
:10C00000153005A9032301A88DF816308DF81730D7
:10C010008DF818408DF81940F8F700F9054601A889
:10C02000F8F728F9064B0E2D1C7000D1FEE70BB077
:10C0300030BD00BF00E001403581730700E50140DD
:10C04000E00D0020064B1970064B1A70064B1B685A
:10C05000B3F5966F02D109B9FDF714BA704700BF66
:10C06000D00D0020D10D0020CC0D00200A4A0B6815
:10C0700013600A4A48791060094A08791060094A31
:10C0800089791160B3F5966F04D1074B1B780BB912
:10C09000FDF7F8B9704700BFCC0D0020DC0D002083
:10C0A000D80D0020D40D0020D00D0020054B00221B
:10C0B0004FF47A71C3E90121034919601A745A7463
:10C0C000704700BFB80D00204CD7000010B501F13B
:10C0D000080400F00F02D3B2092ACCBF3733303343
:10C0E00004F8013DA1424FEA1010F2D110BDFFFF4C
:10C0F00008B5EFF30383103B5BB2C033084A52F834
:10C1000023106FF3104142F823100020FFF7E6FBE5
:10C1100000214FF0FF30BDE80840FEF74FBC00BFE4
:10C12000006000400248002303714371837170472F
:10C130002100002007B505480023019310B101A894
:10C14000AFF3008003B05DF804FB00BF0000000007
:10C15000014B1868704700BFE40D00202DE9F04F37
:10C16000954B1E68A3B09846002E40F01F814024D6
:10C17000224631460DF1460001F055F840F60833ED
:10C18000ADF8443040F2012202238DF847308DF89B
:10C1900048308DF84930ADF850208DF8523040F2DB
:10C1A00004528DF873308DF8823040F20143ADF8BF
:10C1B000542081212422ADF85E304FF409738DF8AC
:10C1C00056208DF86A107D4AADF86030082140F2A3
:10C1D00002537B4F16928DF86C1007220A21ADF89E
:10C1E000623040F224638DF868208DF874108DF869
:10C1F0007F207449ADF8643082224FF41163012529
:10C20000002F4FF0050940F2094B4FF0030A1E9131
:10C210008DF88120ADF86E304FF00E024FF482732E
:10C2200031460DF116008DF87C408DF88340ADF855
:10C23000703014BF02240024ADF84CB08DF85C506F
:10C240008DF869908DF86BA08DF880908DF867500F
:10C2500000F0E9FFFE238DF8193009238DF81D3019
:10C2600021238DF81E300D238DF81F30E823002F79
:10C270008DF820304FF010038DF823300CBF3B4673
:10C280002B468DF816401C444F4BADF814B08DF87A
:10C290001A508DF81B508DF81C908DF821A08DF848
:10C2A00024508DF82550E4B20196002B00F08180D7
:10C2B00001A8AFF30080172200210DF12A0000F041
:10C2C000B2FF40F20943ADF8283040F20133ADF837
:10C2D0002C3021238DF8323011238DF8333042F287
:10C2E0000123ADF8363040F20753ADF83A3040F252
:10C2F0008333ADF83C3040238DF83E300A238DF86F
:10C300004030019B8DF838304FF0000A002F4FF07D
:10C3100009094FEA132314BF5D264E4655458DF893
:10C32000393014BF1922524640F209231644ADF8A1
:10C330000830C02301218DF82A408DF80F302C449D
:10C34000FA2330468DF831908DF834108DF80EA018
:10C350008DF80D108DF810308DF80A608DF80BA057
:10C360008DF80C4000F044FFC8F80000F0B13246F0
:10C37000514600F058FFD8F800404A4602A920462E
:10C3800000F046FF04EB09005FB1422211A900F062
:10C390003FFF122205A904F14B0000F039FF04F120
:10C3A0005D001DB119220AA900F032FF23B0BDE8DB
:10C3B000F08F1D467FE700BFE40D0020200105241B
:10C3C000EFBE0000070502020000000070B5204C1F
:10C3D00094F900300546B3B91E4B1B6803F11406EF
:10C3E00058692146FFF772FE04F108017068FFF7F3
:10C3F0006DFE04F11001B068FFF768FE04F118014A
:10C40000F068FFF763FE5DB9134B40F209425A80B2
:10C410000123013310485B0043F44073038070BD77
:10C42000052D12D80D4B0C4C53F825100122013963
:10C4300011F9010F531EDBB20028EAD024F81200D4
:10C440000132212AF4D12023E3E70020E7E700BFEF
:10C450002A0E00209CB17F40E80D002078D7000014
:10C460007047FFFF1FB5FFF79FFC044690BBFFF727
:10C47000F7FF19494AF20253A1F8FE33174B5A68E5
:10C4800022F400625A605A6822F480525A604FF4D3
:10C490002543A1F8FE3304230193114B02936FF05F
:10C4A00020030393FBF756FB01AA0121FBF74EFD86
:10C4B00003992046FFF770FCFFF750FE2046FEF779
:10C4C000CFF8F7F755FE074AB2F8CC3043F08003B7
:10C4D000A2F8CC3004B010BD00E00140FC6F044075
:10C4E000F1C0000000000940002070477047FFFFC6
:10C4F000F8B500260F46044615460680468086801D
:10C50000F7F733FE874216D8304901EBC7013346AF
:10C510004868F2B230F812101DB901F03E020A2A42
:10C5200004E0012D09D101F03E02082A0BD00A04D3
:10C5300006F10106EDD52046F8BD022D08D101F027
:10C540003E02042AF1D15A1C24F81310D3B2EEE7AC
:10C55000032D04D101F03E02062AE0D1F3E7042DB9
:10C5600002D101F03A02E0E7052D02D101F03A02D2
:10C57000D5E7062D03D101F03E02102AD6E7072D9C
:10C5800005D101F03E02122ADDD0182ACEE7082D8F
:10C5900003D101F03E02022AC8E70A2D03D101F0BF
:10C5A0003E02142AC2E70B2D03D101F03E021C2AE1
:10C5B000BCE70C2D03D101F03E021A2AB6E70D2D7F
:10C5C000B5D101F03E021E2AB0E700BF8CD50000B5
:10C5D00010B5002814BF04460124204600F008FED0
:10C5E00030B900F015F808B900F0F4FD8047F4E721
:10C5F00010BD0368DB0706D4437803B1FFDE0123D7
:10C60000437018467047002070470123036070474D
:10C61000024B1868BFF35B8F704700BF6C0E0020A1
:10C6200000F000B800F0ECBD81F0004102E000BF76
:10C6300083F0004330B54FEA41044FEA430594EAE2
:10C64000050F08BF90EA020F1FBF54EA000C55EA1D
:10C65000020C7FEA645C7FEA655C00F0E2804FEAEE
:10C660005454D4EB5555B8BF6D420CDD2C4480EAD0
:10C67000020281EA030382EA000083EA010180EA00
:10C68000020281EA0303362D88BF30BD11F0004F4E
:10C690004FEA01314FF4801C4CEA113102D0404284
:10C6A00061EB410113F0004F4FEA03334CEA1333BF
:10C6B00002D0524263EB430394EA050F00F0A780D7
:10C6C000A4F10104D5F1200E0DDB02FA0EFC22FAD2
:10C6D00005F2801841F1000103FA0EF2801843FAC6
:10C6E00005F359410EE0A5F120050EF1200E012AB7
:10C6F00003FA0EFC28BF4CF0020C43FA05F3C018F5
:10C7000051EBE37101F0004507D54FF0000EDCF16D
:10C71000000C7EEB00006EEB0101B1F5801F1BD316
:10C72000B1F5001F0CD349085FEA30004FEA3C0C1A
:10C7300004F101044FEA445212F5800F80F09A8010
:10C74000BCF1004F08BF5FEA500C50F1000041EB14
:10C75000045141EA050130BD5FEA4C0C404141EB18
:10C76000010111F4801FA4F10104E9D191F0000F3F
:10C7700004BF01460020B1FA81F308BF2033A3F1C2
:10C780000B03B3F120020CDA0C3208DD02F1140CB9
:10C79000C2F10C0201FA0CF021FA02F10CE002F1F4
:10C7A0001402D8BFC2F1200C01FA02F120FA0CFCED
:10C7B000DCBF41EA0C019040E41AA2BF01EB045136
:10C7C000294330BD6FEA04041F3C1CDA0C340EDC34
:10C7D00004F11404C4F1200220FA04F001FA02F377
:10C7E00040EA030021FA04F345EA030130BDC4F135
:10C7F0000C04C4F1200220FA02F001FA04F340EA2A
:10C800000300294630BD21FA04F0294630BD94F0DA
:10C81000000F83F4801306BF81F480110134013DC1
:10C820004EE77FEA645C18BF7FEA655C29D094EA32
:10C83000050F08BF90EA020F05D054EA000C04BFB0
:10C840001946104630BD91EA030F1EBF002100209B
:10C8500030BD5FEA545C05D14000494128BF41F03A
:10C86000004130BD14F580043CBF01F5801130BD9E
:10C8700001F0004545F0FE4141F470014FF0000029
:10C8800030BD7FEA645C1ABF194610467FEA655CDA
:10C890001CBF0B46024650EA013406BF52EA03357C
:10C8A00091EA030F41F4002130BD00BF90F0000F6A
:10C8B00004BF0021704730B54FF4806404F13204A6
:10C8C0004FF000054FF0000150E700BF90F0000F5F
:10C8D00004BF0021704730B54FF4806404F1320486
:10C8E00010F0004548BF40424FF000013EE700BF56
:10C8F00042004FEAE2014FEA31014FEA02701FBFE6
:10C9000012F07F4393F07F4F81F06051704732F017
:10C910007F4208BF704793F07F4F04BF41F400216E
:10C92000704730B54FF4607401F0004521F00041CC
:10C930001CE700BF50EA010208BF704730B54FF056
:10C9400000050AE050EA010208BF704730B511F057
:10C95000004502D5404261EB41014FF4806404F18F
:10C9600032045FEA915C3FF4D8AE4FF003025FEA15
:10C97000DC0C18BF03325FEADC0C18BF033202EB99
:10C98000DC02C2F1200300FA03FC20FA02F001FAF3
:10C9900003FE40EA0E0021FA02F11444BDE600BF96
:10C9A00070B54FF0FF0C4CF4E06C1CEA11541DBF45
:10C9B0001CEA135594EA0C0F95EA0C0F00F0DEF810
:10C9C0002C4481EA030621EA4C5123EA4C5350EAF5
:10C9D000013518BF52EA033541F4801143F4801346
:10C9E00038D0A0FB02CE4FF00005E1FB02E506F0D7
:10C9F0000042E0FB03E54FF00006E1FB03569CF02C
:10CA0000000F18BF4EF0010EA4F1FF04B6F5007F31
:10CA100064F5407404D25FEA4E0E6D4146EB0606A3
:10CA200042EAC62141EA55514FEAC52040EA5E502C
:10CA30004FEACE2EB4F1FD0C88BFBCF5E06F1ED8D6
:10CA4000BEF1004F08BF5FEA500E50F1000041EB0D
:10CA5000045170BD06F0004646EA010140EA0200BA
:10CA600081EA0301B4EB5C04C2BFD4EB0C0541EADC
:10CA7000045170BD41F480114FF0000E013C00F3F1
:10CA8000AB8014F1360FDEBF002001F0004170BD15
:10CA9000C4F10004203C35DA0C341BDC04F114042E
:10CAA000C4F1200500FA05F320FA04F001FA05F2BA
:10CAB00040EA020001F0004221F0004110EBD37087
:10CAC00021FA04F642EB06015EEA430E08BF20EAB3
:10CAD000D37070BDC4F10C04C4F1200500FA04F356
:10CAE00020FA05F001FA04F240EA020001F00041E8
:10CAF00010EBD37041F100015EEA430E08BF20EA5B
:10CB0000D37070BDC4F1200500FA05F24EEA020EA2
:10CB100020FA04F301FA05F243EA020321FA04F0D1
:10CB200001F0004121FA04F220EA020000EBD37088
:10CB30005EEA430E08BF20EAD37070BD94F0000F88
:10CB40000FD101F00046400041EB010111F4801FBC
:10CB500008BF013CF7D041EA060195F0000F18BF6D
:10CB6000704703F00046520043EB030313F4801FA9
:10CB700008BF013DF7D043EA0603704794EA0C0F63
:10CB80000CEA135518BF95EA0C0F0CD050EA410679
:10CB900018BF52EA4306D1D181EA030101F00041F6
:10CBA0004FF0000070BD50EA410606BF104619461E
:10CBB00052EA430619D094EA0C0F02D150EA01362A
:10CBC00013D195EA0C0F05D152EA03361CBF10466B
:10CBD00019460AD181EA030101F0004141F0FE410A
:10CBE00041F470014FF0000070BD41F0FE4141F48E
:10CBF000780170BD70B54FF0FF0C4CF4E06C1CEA8E
:10CC000011541DBF1CEA135594EA0C0F95EA0C0F42
:10CC100000F0A7F8A4EB050481EA030E52EA0335FD
:10CC20004FEA013100F088804FEA03334FF080551E
:10CC300045EA131343EA12634FEA022245EA11154B
:10CC400045EA10654FEA00260EF000419D4208BFFC
:10CC5000964244F1FD0404F5407402D25B084FEAA9
:10CC60003202B61A65EB03055B084FEA32024FF455
:10CC700080104FF4002CB6EB020E75EB030E22BFB2
:10CC8000B61A754640EA0C005B084FEA3202B6EB72
:10CC9000020E75EB030E22BFB61A754640EA5C0021
:10CCA0005B084FEA3202B6EB020E75EB030E22BFB1
:10CCB000B61A754640EA9C005B084FEA3202B6EBB2
:10CCC000020E75EB030E22BFB61A754640EADC0071
:10CCD00055EA060E18D04FEA051545EA16754FEAD3
:10CCE00006164FEAC30343EA52734FEAC2025FEAF1
:10CCF0001C1CC0D111F4801F0BD141EA00014FF080
:10CD000000004FF0004CB6E711F4801F04BF014350
:10CD10000020B4F1FD0C88BFBCF5E06F3FF6AFAE6C
:10CD2000B5EB030C04BFB6EB020C5FEA500C50F1FC
:10CD3000000041EB045170BD0EF0004E4EEA11317F
:10CD400014EB5C04C2BFD4EB0C0541EA045170BD86
:10CD500041F480114FF0000E013C90E645EA060ECA
:10CD60008DE60CEA135594EA0C0F08BF95EA0C0FF8
:10CD70003FF43BAF94EA0C0F0AD150EA01347FF440
:10CD800034AF95EA0C0F7FF425AF104619462CE717
:10CD900095EA0C0F06D152EA03353FF4FDAE10467A
:10CDA000194622E750EA410618BF52EA43067FF4CB
:10CDB000C5AE50EA41047FF40DAF52EA43057FF45B
:10CDC000EBAE12E74FEA4102B2F1E04324BFB3F504
:10CDD000001CDCF1FE5C0DD901F0004C4FEAC002F2
:10CDE0004CEA5070B2F1004F40EB830008BF20F0D6
:10CDF0000100704711F0804F21D113F13872BCBF90
:10CE000001F00040704741F480114FEA5252C2F1E4
:10CE10001802C2F1200C10FA0CF320FA02F018BF2D
:10CE200040F001004FEAC1234FEAD32303FA0CFC80
:10CE300040EA0C0023FA02F34FEA4303CCE77FEA0F
:10CE4000625307D150EA01331EBF4FF0FE4040F459
:10CE50004000704701F0004040F0FE4040F4000008
:10CE6000704700BF7BB972B90029BEBF00204FF0E8
:10CE7000004106E008BF00281CBF6FF000414FF0E2
:10CE8000FF3000F0A5B9ADF1080C6DE904CE002922
:10CE900009DB002B1ADB00F035F8DDF804E0DDE9F2
:10CEA000022304B07047404261EB4101002B1BDBC1
:10CEB00000F028F8DDF804E0DDE9022304B0404288
:10CEC00061EB4101524263EB43037047524263EB13
:10CED000430300F017F8DDF804E0DDE9022304B0B5
:10CEE000404261EB41017047524263EB430300F063
:10CEF00009F8DDF804E0DDE9022304B0524263EBF7
:10CF0000430370472DE9F047089E04468846002BEE
:10CF10004BD18A42154667D9B2FA82F24AB1C2F1C0
:10CF2000200701FA02F320FA07F7954047EA0308C1
:10CF300094404FEA154E230CB8FBFEF71FFA85FC10
:10CF40000EFB178843EA084307FB0CF1994209D905
:10CF5000EB1807F1FF3080F01B81994240F21881F5
:10CF6000023F2B445B1AA4B2B3FBFEF00EFB10335E
:10CF700044EA034400FB0CFCA44509D92C1900F138
:10CF8000FF3380F00781A44540F2048102382C442D
:10CF900040EA0740A4EB0C0400271EB1D440002354
:10CFA000C6E900433946BDE8F0878B4209D9002E17
:10CFB00000F0EB800027C6E9000138463946BDE89D
:10CFC000F087B3FA83F7002F47D18B4202D3824216
:10CFD00000F2FA80841A61EB030301209846002EC8
:10CFE000E0D0C6E90048DDE702B9FFDEB2FA82F21E
:10CFF000002A40F08F80491B4FEA154E1FFA85F832
:10D000000127B1FBFEFC230C0EFB1C1143EA01437C
:10D0100008FB0CF1994207D9EB180CF1FF3002D252
:10D02000994200F2CD808446591AA3B2B1FBFEF0BA
:10D030000EFB101443EA044408FB00F8A04507D98E
:10D040002C1900F1FF3302D2A04500F2B680184639
:10D05000A4EB080440EA0C409FE7C7F1200CBB405A
:10D0600022FA0CFE4EEA030E01FA07F420FA0CF540
:10D0700021FA0CF34FEA1E482543B3FBF8F92C0CB8
:10D0800008FB19331FFA8EFA44EA034309FB0AF43A
:10D090009C4202FA07F200FA07F10BD91EEB0303D8
:10D0A00009F1FF3080F087809C4240F28480A9F132
:10D0B000020973441B1BADB2B3FBF8F008FB10333D
:10D0C00045EA034400FB0AFAA24508D91EEB040412
:10D0D00000F1FF336BD2A24569D90238744440EAAB
:10D0E0000940A0FB0289A4EB0A044C45C2464B460A
:10D0F00054D351D0002E69D0B1EB0A0564EB030480
:10D1000004FA0CFCFD40FC404CEA0505C6E900545D
:10D11000002747E7C2F1200320FA03F7954001FA00
:10D1200002F021FA03F34FEA154E3843010CB3FB2A
:10D13000FEF71FFA85F80EFB173341EA034107FBA0
:10D1400008F38B4204FA02F407D9691807F1FF3C8F
:10D150002FD28B422DD9023F2944CB1A81B2B3FB87
:10D16000FEF00EFB103341EA034100FB08F38B4253
:10D1700007D9691800F1FF3C17D28B4215D9023844
:10D180002944C91A40EA07473BE73746304609E7D2
:10D190000746E7E61846FBE64145ABD2B8EB020A84
:10D1A00069EB0E0201381346A4E76046E9E718462A
:10D1B00095E76746D1E781467CE702382C4447E78C
:10D1C000ACF1020C2B442FE7384608E73746E9E676
:10D1D000704700BF08B5062000F00EF9012000F0EE
:10D1E00041F9FFFF014B1868704700BF3400002071
:10D1F000024B0146186800F06DB800BF34000020F3
:10D20000024B0146186800F017B800BF3400002038
:10D2100010B5431E0A44914200D110BD11F8014BD4
:10D2200003F8014FF7E702440346934200D17047E9
:10D2300003F8011BF9E7FFFF38B50546002945D083
:10D2400051F8043C0C1F002BB8BFE41800F0F8F8AC
:10D250001F4A1368104633B9636014602846BDE85E
:10D26000384000F0EEB8A3420CD92168621893420E
:10D2700004BF1A685B68636004BF521822600460D0
:10D28000ECE713465A680AB1A242FAD9196858184D
:10D29000A0420BD120680144581882421960DDD1A8
:10D2A000106852685A6001441960D7E702D90C230C
:10D2B0002B60D3E7206821188A4204BF11685268A6
:10D2C000626004BF091821605C60C7E738BD00BF19
:10D2D000700E002070B5CD1C25F0030508350C2D0F
:10D2E00038BF0C25002D064601DBA94203D90C23CB
:10D2F0003360002070BD00F0A3F8214A1468214675
:10D3000091B9204C23681BB9304600F03DF82060ED
:10D310002946304600F038F8431C24D10C233360F2
:10D32000304600F08EF8E4E70B685B1B18D40B2B3B
:10D330000FD90B60CD50CC18304600F082F804F1C4
:10D340000B00231D20F00700C31AD3D05A42E2502D
:10D35000D0E78C424B6816BF636013600C46EBE766
:10D360000C464968CCE7C41C24F00304A04205D055
:10D37000211A304600F008F80130CFD02560DBE7F5
:10D38000700E0020740E002038B5064C00230546B0
:10D3900008462360FAF746F9431C02D1236803B11B
:10D3A0002B6038BD780F00201F2938B504460D4684
:10D3B00004D9162303604FF0FF3038BD426C12B120
:10D3C00052F821304BB9204600F030F82A46014689
:10D3D0002046BDE8384000F017B8012B0AD0591C90
:10D3E00003D1162303600120E7E7002442F825401B
:10D3F000284698470020E0E7024B01461868FFF7EF
:10D40000D3BF00BF3400002038B5074C00230546C9
:10D4100008461146236000F01DF8431C02D1236822
:10D4200003B12B6038BD00BF780F002000F00AB8B0
:10D43000034613F8012B002AFBD1181A0138704754
:10D4400070477047024B58221A604FF0FF30704708
:10D45000780F0020024B58221A604FF0FF307047BF
:10D46000780F0020FEE700BF4275696C7420776971
:10D4700074682052656E6573617320416476616ED5
:10D4800063656420466C657869626C6520536F66DD
:10D490007477617265205061636B616765207665A2
:10D4A0007273696F6E20342E302E3000342E302E81
:10D4B0003000000000000004F8B500BFF8BC08BC54
:10D4C0009E467047F8B500BFF8BC08BC9E46704742
:10D4D0004C4544206973204F4E004C4544206973ED
:10D4E000204F464600FF140082815400C281940000
:10D4F0008280D4811482940552094400820009007C
:10D5000051080C8054055201460042000B00570898
:10D510000E8014051C00920811008B081080D404A2
:10D520001A009200178052084200098052000280BF
:10D53000128812801208578A1A00520051004B0AB2
:10D540004E801C005208C2009700490A4C80D2004D
:10D5500002019100510A5080D20851088B8012803C
:10D56000120982018900578A120142018B80D289F7
:10D57000D20142821404928054049208C2024B8861
:10D580009404D208020349881E005482010300005B
:10D5900060D500000203000068D50000050100000E
:10D5A0002CD500000401000026D500000301000076
:10D5B0001ED500000201000012D500000601000087
:10D5C00030D500000701000032D500000403000040
:10D5D00070D50000030300006ED500000C010000B0
:10D5E00058D500000901000038D500000A010000EC
:10D5F00042D500000B0100004ED500000E000000D7
:10D6000088D5000000000000E6D400000100000002
:10D61000EAD4000002000000EED400000101000086
:10D6200004D5000000010000F6D400000005000051
:10D6300074D500000C000000F2D400000D000000C2
:10D64000F4D400000105000078D5000002050000B8
:10D6500080D500000801000034D500000003000060
:10D660005ED50000FFFF00FF010203FF0403010C71
:10D6700000091408111C101918FFFFFF060008000C
:10D6800010001800200040006000800000018001B0
:10D69000000200040008FFFF0A0900000A09000058
:10D6A0003F0B000001000200080010000000000015
:10D6B00000000000BD880000AD93000089880000D4
:10D6C0009B8800001F890000E1890000A5880000F8
:10D6D00091880000B18B0000F18800008D88000067
:10D6E0000C0A080E101802191D1F01FF000000008F
:10D6F00000000000BD9100000D0A00FFF998000035
:10D700004D9900007D990000219A0000DD9A0000EB
:10D7100000000000799C0000699C0000819C0000D2
:10D72000459D0000259F000000000000DD9B0000DB
:10D73000DF9B0000E19B0000059C00000000000052
:10D7400000000000000000000000000093BE000088
:10D7500039BF0000B5BE0000C1BE0000A9BE000078
:10D7600001BF0000CDBE000087BE000081BE0000EA
:10D7700091BE00009DBF0000FAD6000090D70000C7
:10D7800098D700002A0E0020A6D70000AFD70000CF
:10D7900041726475696E6F00554E4F205234204DB2
:10D7A000696E696D610043444320506F7274004498
:10D7B00046552D525420506F727400000000000036
:10D7C0000000000000000000000000000000000059
:10D7D0000000000000000000000000FF000000004A
:10D7E0000000000000000000000000000000000039
:10D7F0000000000000000000000000000000000029
:10D800000000000000000000000000000000000018
:10D810000000000000000000000000000000000008
:10D8200000000000000000000000000000000000F8
:10D8300000000000000000000000000000000000E8
:10D848000A00000019A60000B80E002010000C0005
:10D8580000000000FF000000000009400A0000006E
:10D868000112010002020201404123690000010186
:10D87800020301003800002000000000FCD700006F
:10D888001CD80000DCD700000000000000000000E9
:10D898000000000000000000000000000000000080
:10D8A8000000000000000000000000000000000070
:10D8B8000000000000000000000000000000000060
:10D8C8000000000000000000000000000000000050
:10D8D8000000000000000000E54000005188000042
:10D8E800598D0000758D000041910000859300005E
:10D8F8004595000031970000ADC00000C140000010
:10D9080065880000818D00008D9100003D97000022
:04000003000076651E
:00000001FF
